"id","stripe_checkout_session_id","stripe_payment_intent_id","stripe_customer_id","user_id","email_address","wallet_address","amount_total","currency","payment_status","created_at","solana_transaction_hash","ethereum_transaction_hash","base_transaction_hash","payment_chain"
"754","","","","85807","","G13e468e4NDEzRACj6uwLYDYqSciLtPELwA4EVs1z3FX","99","USDC","paid","2025-10-29T16:50:33.653417Z","kCNnrLLbx7qWRVQmsDmgCiACigrKho63VjFVPtubdv6bnUDgSukJqsbVcP7QJATxhopTMZbnBCgpoeSnw3zEDGQ","","","solana"
"753","","","","970597","","73opLCoympaPEpgWnK1cRmMuzzQUxmsJ7jhE6jfjbVHj","99","USDC","paid","2025-10-29T15:38:03.537178Z","5TdLf3j9fEu1M13jBmQZmkHy3uDYA32Rrgu6JfWCW82TXr5rYYAfngYP5XuygF8ipcPrCGBnFAY8NeVz5upMVDs8","","","solana"
"751","","","","1209529","","HFQPnGDA2DLJXuS4C1co6NQHNoYSLiHRPiVqaDJQfZmR","99","USDC","paid","2025-10-29T13:20:15.177398Z","3brPojpB1C7f9grPFc9s4EG9TqJjk3PbLoW1PkV1RnRM7kDTDJvrTmdLQ3M5iobqkPyLQ97mYLLDn6KWsuZbC584","","","solana"
"737","","","","1208193","","5pi9KpxrBPsWy2jqoUukHwLE2nppcvemydqScL1wVkfQ","99","USDC","paid","2025-10-28T11:27:56.733819Z","2bJA1dLoZs12mvVxAKeCrqiRKUH7C5sT1A7SsysMNEvJwGq4LUxi1eF8vqsCRFK77wmdf9KvdruPShmMm9AoBqQ5","","","solana"
"736","","","","7449","","GwNPZwzrsFEtva8K4HXqjwimtDAQD624fMSPQjzakQ9K","99","USDC","paid","2025-10-28T08:36:59.874144Z","52mYbPuV8bcTJZa8qEEE14gBGVcbXKRjifTUba3QupNQvHe84p7iEjWL3xhigbo6kc1w379dyopgwzmdGUMk3ywf","","","solana"
"733","","","","1207937","","C5t4PwQuUTVDYz2uUUS5vJ7wAQGUkyNjHktFbVMSpjhN","99","USDC","paid","2025-10-28T07:39:58.38081Z","2Ck8TSvbJdB7pNawxnaAo63ViFrHWBPiJFWhy8hzxU5c8zpq5xoi1BqpWSgbqVJVzkwoJ8qkLe6pHT5UzjDgNSKq","","","solana"
"730","","","","1207087","","7FcbbvD65kL9DGqhqjV4hWVe9NXheeLYJCmVDtewj492","99","USDC","paid","2025-10-27T09:47:13.587432Z","5jca4czbRP1UckM2QM8EX9dNbWWycsKFtnicgEt5A3qyUzb3AcnQ6pM16ebfTBnYFwjFjshu2G9r7akCkoduB5mj","","","solana"
"729","","","","1207090","","8wjDSaai1SQyPD93tfmzSrbHW33ViMuXi2vWD1WeaehW","99","USDC","paid","2025-10-27T09:47:02.713433Z","5vEP2PMyYtn6bjvTEradqxFKFYF75gAf752SkU9NHiZ1Cy43sCLR4prqbALHwx4xTxKznYR3vELYviqwUPo8sWzF","","","solana"
"728","","","","1207086","","9WKVfwhEHsGW9C2Xdw2EHhrxN7Wdsg3EHNoQncA2YfqC","99","USDC","paid","2025-10-27T09:46:49.027831Z","3e7KXe6JH3xdWHnxk5sip7mMbtUKLdR1YJ5QwAfeXsg9KiEcPyykKpDpujEKYmeQcYHfuuQrZAwr9jnKz4RqsrmZ","","","solana"
"727","","","","1207085","","AREYoK5tYpjQoP4y5mzMAxqXbg4aYrgX6Tt5kSRkNSLr","99","USDC","paid","2025-10-27T09:46:38.063278Z","3tHT4LdnN8HPGspeF5SaWRKoqqBa1qFYzMftT8NRe4kBrSXSeSu3kQJaHk6j15Srah5Wh1YNrxepL9PGoMhMpc7k","","","solana"
"726","","","","1207082","","6NHWWfidoTjgwZQZcqCq1YrhyhSFogHX7AEHGERY9LnE","99","USDC","paid","2025-10-27T09:46:27.402637Z","3bHZCAymdAvCfLY3d8JZEHFq9n3sGHKweYgQpVsCfFsMq2kVjAm4rKzq3kjmea6CXBbi3x6bSEZqorjvxjMKMFwU","","","solana"
"725","","","","1207081","","CFhcjWdaDQbzDVcPeHdApireVgYZt4ER2SZfAjSaJiib","99","USDC","paid","2025-10-27T09:46:21.344554Z","4m9RWF268H3VCYSgH5UVBbZBGHxBcULrjeea3rAFfT4Wun9znzxCPtUQbaeEBecEPkdxvbEP5QLjwxYhBNdk4pVp","","","solana"
"724","","","","1207080","","2c5dGifAJZC2mYGCb5ZpKjiERUEttAZJzBdUDaoCWQKG","99","USDC","paid","2025-10-27T09:46:14.596522Z","2rSwYTeXdjaDXixQTfhyjvEgAR7U1Ra65YdN2NrAC9eNz8CWcrrmuKenfREv2NJ19hsUgMWcjYFQwsGZk8pP5ddt","","","solana"
"723","","","","1207079","","EZBK851jrmN4iFGziuKDtDPyPLVCqQvFRKKAvFWXcoGe","99","USDC","paid","2025-10-27T09:45:47.236237Z","5UuAGeKZUwhnYt4nm5bHunwLte4t7sEmAC1pGkT6gXR6XTsZkPwLZJZ483FrahPuAdBXKkhpqsyP9qgJJvargeFV","","","solana"
"721","","","","1206261","","6iZ3BfU9Ts9b92kBGZeUzgq2HVkUfTGCo8njsYWirHC8","99","USDC","paid","2025-10-27T02:03:54.199058Z","Twc7x8XJNxaDRj3QVSRATJZcNKtDVqwak3MS4DirCSFWe9PJSTmVZwPCzeB4NqnpPbzqVZPjRPKyHxwARB5xixp","","","solana"
"720","","","","1206280","","7GcgwRBCNdq7rnLpscGuAZCxkmio8ykkmvSEmp5MAtNL","99","USDC","paid","2025-10-27T00:59:35.772549Z","2Lyxh41c1aqH6r8r4zFt21abPFxdBV1SazhvKpyBa6zsLVSpwcZeob6VSVzaiYTi1xTuRtJbycY9dP3oBZpVH7M3","","","solana"
"716","","","","1204327","","BgbV55hLa9EBW7jwLc29u3UKgpPxa76WHtbpTAkfE7PN","99","USDC","paid","2025-10-25T16:01:13.81745Z","5fhkRXwMw4ppZ6Q9HQgs8288d42ab4Rjx84iGX1mugyHDJinj8EyRhrJQVusPDuKtqsL4TmBTPMJowJKvZwx622r","","","solana"
"715","","","","1204326","","8BfTw7KWhV83mKycDbG6EbS2h9242FSTCf7djTzF9H3w","99","USDC","paid","2025-10-25T15:59:56.219556Z","4iZHKM4QREuLu9mZAqqNPMKuwsdUqqFE6Pm2wmx7HNaEr5poxsh8F83LeETG5hexFiZETWCykhd8r1nc32prAAtU","","","solana"
"714","","","","1204324","","EmdEf8aA927Es6Tdxs1efv7doyGcgksXLACJqPqDEKbn","99","USDC","paid","2025-10-25T15:59:00.778546Z","3U9W7iuXzXAambsVabKEBfyBJyWPTgMeRWR3oiW6UmJdgg7msw2i3tv9412T7rPrHDAuVwY5yMbECMzZqq1UgRNe","","","solana"
"713","","","","1204320","","5bWEuAZJtdwhCNtvy3GGcu3BhCdSKH71H8vFbaHPHXZ9","99","USDC","paid","2025-10-25T15:54:45.129747Z","55STnRVf6fdNNW9vFxjNhkjbCqwfCAzud9ffKftCMToxtSvz5BkrPRS9e8ueqKgLZ3ppC3KJ2aa2pRjNprxKE338","","","solana"
"712","","","","1204317","","3qWRbL2Uo3T4pEhRv2b6UUcAJ6a8XJe2SXrb8H4TrCG2","99","USDC","paid","2025-10-25T15:53:37.017341Z","3YJhca76zNE6zm63SBdBizZJc2W91iuqqWPdLJLygnNtkPxGenUwAKUqApVWAUfwBboGgQf9whToqPKsNyhzRJkW","","","solana"
"711","","","","1204315","","JCmR7pB45EMbtFoEJNQ5MzATYGKX5CDmLN2KtPNScKiM","99","USDC","paid","2025-10-25T15:52:39.208945Z","51TNKWKWUcvTBfaRsuFJre46VGru7Q8JXJWUcttfYUgACNwG3aCB4T8SCujDKixFAyscoDg4QLAk2msSHqp3PfHe","","","solana"
"710","","","","1204314","","6TnDQ2LZrWXomRHyABo5D2DeWKR8QrB5GhfhwPg2g4fS","99","USDC","paid","2025-10-25T15:51:09.974555Z","37CbSbHKupbNFPV9RTBM6uTkBpKmmefoW7NheBNiwtht52uq1vSwD2aLDww1yq6yPSBUHjswA5DRXAmfgS5J5bZM","","","solana"
"709","","","","1204312","","7gRpQAnfb7CieoJHEovo6omsFcJxdUSwckdBfAkpntfu","99","USDC","paid","2025-10-25T15:48:38.412164Z","4JcfmhCCPbbKq88suLELdgN67QHKYV8kRMVjp3puiMSfAWshkL1paSmUAcPihFUj42hx2Gsz9eKct3Wy5yn5MgTk","","","solana"
"708","","","","1204298","","6J8ucnHgT8T1wxDSZf3imRdiyAkWyfM7fJtUGMf367pi","99","USDC","paid","2025-10-25T15:35:41.800693Z","279TawUCkNwM8erGN8663jBVLQuRjYo8S2HJ2KvfhpnwrV5FdhQ6V7pUqVvwiyXCzmc6zz5dt5V2pcYgLGv3ypEz","","","solana"
"707","","","","1204283","","2R1qt17SmQLg8351eJvX2o5FgUyoNbiUs5xa6vvsrkJ7","99","USDC","paid","2025-10-25T15:24:29.337244Z","4te6w9Ym4bKh63v9i5rUfUrZJ8UBDZUULmr2kEML5HxibGUNnHZh7hEbc89xaPna2Rdt8jD2mDqtfvTAXmQPFNYQ","","","solana"
"706","","","","1204273","","4VAAw6HLwjFtGwCeUUsCxJTyM9Kbwxf36qZbGDB1FCNr","99","USDC","paid","2025-10-25T15:23:27.413098Z","4tKozpoEm1HwEbUe8FSwhDNWxbPpGQwBiAEP3AUvJCAxUPHuMMrCk52oe5SAibRTnr4JGVWnMRVrcsUkrcXPcAua","","","solana"
"705","","","","1204281","","D8SGnhDS9JcUxzfNLoy9uX8UWmLJTu1af9TqxaDJHrTo","99","USDC","paid","2025-10-25T15:21:18.457104Z","aq11gM9w1q9SFeG7fdXEr4zjNW9rbDbyttQ3pi42Wjd1hjwPQ5ZBNAqB22Kv8zQrYUKBD9rZv3U4jMhhzm45FGY","","","solana"
"704","","","","1204277","","6Fp2277xWENGqdbN8dGbjFjtxhPL6uCdsKyU3bYjezhq","99","USDC","paid","2025-10-25T15:18:53.345021Z","4mFgcUrwpGu3PtkXmz9huatJKSH1kfUBU2Q7zW7GMxzCd7xVYJsbNcDcNrAdVjgjRDxvtbsW66jshmkcPD92dMRP","","","solana"
"703","","","","1204270","","zjJfhbuC9PfbFWZ9pxaZFxLGCK2ZiH6qYRg4bhymYPD","99","USDC","paid","2025-10-25T15:11:05.825449Z","2cndmXpE37FfY8KZpP7UitUij3ZQyqMPWEaXsLPoN7pct6HMZB84gpb4WinVa9Yxi4xrkVqfdcEHaPEgcmuQXQxz","","","solana"
"702","","","","1204267","","Eem6ZMLitUS2bP55Ln1SBsztrTs8h1mq4gWFndyWbMQq","99","USDC","paid","2025-10-25T15:08:36.424786Z","2Hj7EF8us4pA2Cuo8b7t79TweepsQmQ2MijdELt8CYJs7iGQGxthjMm6RyDTQkPgvzBegqZ1SWzckobL55dax3or","","","solana"
"701","","","","1204262","","86QEtu8iw3t2ZpoirpwbCTYEn1rfQUjGRj1bxCaaAZq","99","USDC","paid","2025-10-25T15:05:52.001592Z","3VF99JuJa4xxVvYzRtMdfnonYWYvyA1EZVtnGHz5eh8spjKU6k7TkXas5DHNrEDazRNseRjJ6U2fPeK7xbRsb9eU","","","solana"
"700","","","","1204256","","6XY8GYrrQWixZMLTc1fL59dZjfNtVezc594p4eK6fCaR","99","USDC","paid","2025-10-25T15:03:17.246733Z","4cHhUGSe9m7coQdejiUGWFCBt7AeSbyXDLRYPfSuzNnbDBUK6uX4pTr73b58FZDiwvqbZdFtHQeK16byCV2Bn72k","","","solana"
"699","","","","1204253","","CvBppZwMBxEzyNYedZTsjLwQfrojVFag8v7kVeDKa1mF","99","USDC","paid","2025-10-25T15:00:36.31224Z","3Ku99JAuPVEgQ1Bbt3jm7ijS8cwtoLa14K3fRC3LbXttALkoZxj1nvpga1QvW71W4BkBDY6fiTRBoGyhXr1KiGAZ","","","solana"
"698","","","","1204244","","HmHBsRDSSW6bP4eHWeNmXDpbegqq1B1r3Sn9xQ8dnh9h","99","USDC","paid","2025-10-25T14:54:30.992852Z","3ujKA4einTR8kE83UGFqDZc58J77SRk7FGn5GsbGCWnfu3Cdpnj8ACc4UmobjH8fzGNSdRS93KoQrbBWtHJT2x73","","","solana"
"694","","","","1203311","","7AJZXdk9dBZooQgSabeuTVfuVFmr6vJex9zj5ghqvKYT","99","USDC","paid","2025-10-24T13:58:39.259257Z","4zH4E9vsZe8PsfMxMqBp9AGtPMvSn4uBzbwQK7SC9updmEnCYpVHrR1cRB1z6B5fHe7M3TCUoeNm2Xo3SPMLNgt2","","","solana"
"692","","","","1203239","","8XriQjzP5XQqXJM8RqAgCnWP6dBwBHKvjfukXmsVKjTY","99","USDC","paid","2025-10-24T10:16:13.682066Z","N9fPriQeEkpCTQHnYFn7WopSNmu2q1yxQ17Cky2pT8NtXkxwd3dyLhosnjZKMr9YGDNFp58LzNd9qUdMNmZkBAR","","","solana"
"690","","","","1202872","","7WdL5ceZjQxdTnvg7tZu47yxL5MdotNcP31TQdnbAmcH","99","USDC","paid","2025-10-23T18:47:32.771991Z","5nwFvQ7je76zHhTndEtW5dJNftgr8Npmkf4AaGvNfEhvFE66NoJmtEZjRvdtXSUVthE2jRh4DHwQUB2uroLrYcds","","","solana"
"688","","","","1175418","","4K3ue16sXh17KRgVt51QqrwSBmK7xn8nvW5tZYYSwAig","99","USDC","paid","2025-10-23T14:19:05.848026Z","4zJwZZwCqSG8qbP2hBhgbCLfnKHnM87fzDSZ2iE3Q12p5pVEubmxto37JM4FcwXBcBfKuKrNeMY81kw3WWqednY3","","","solana"
"686","","","","1202451","","6Fd9AhCRVXQrVLd8GrzpHy7s8HbNhDmahNVVjsbQYbYe","99","USDC","paid","2025-10-23T11:19:03.247909Z","8gqDv29HKitnb9gy54m4e1dfrv8f6zpgZ5GTVMmnnJTy9rdNroQtZMnUSmwxy48861mcsVGfk6e3F3jNc4UYFe5","","","solana"
"683","","","","1202211","","9vahxoXbBNQahtygpX64i5sPBySmfDxyKzTU92TGLjZ2","99","USDC","paid","2025-10-23T02:38:55.56678Z","3AHbiuTPJESGCKFccv9EBURzG2a6TCicV3ySjbapT3QHBAjnnL25xhJ3TqcDvdQC8kzwv14uk6SYzrRU2eNb6qLq","","","solana"
"682","","","","1201784","","89SBX5FqwuLnaeq1WA8XhrtVpR9o1MkW8tNBZLU8ALKG","99","USDC","paid","2025-10-22T14:58:25.077556Z","4d9439PsVwAMUe5nxPn6vvydNyk2tYRYFsibgpgbehpudLjvze7pVwjKPjd6Jpg1FBtrqkEYzTKnW1M6JT8GmgBQ","","","solana"
"679","","","","1088318","","7bgpzEm4Q4JdCoEGL5TPMAdowa5h7i999zT7xnriYmXb","99","USDC","paid","2025-10-22T12:24:34.05396Z","2XFebUZAr828ZCwDtuWoiyPkS14HT95UyD3nbyEjxeFgrAri6geikDbLyssh2BbPPW9zFTpAonhTxUS4Yhbu93ix","","","solana"
"676","","","","1200919","","GWwNXGiKJLTn5VihBLzCYeH3QhEpzESCrTMMETipnBvA","99","USDC","paid","2025-10-21T19:14:32.890959Z","3rRZTtaA1H2L36fA7HfCXbLEKvqQkhWjK5EPffzCZpkpQ6zvJ6AXfSBM3z5Y4xm3CtdmLwsiNFtoDreTM6u25fKp","","","solana"
"675","","","","1200916","","4wkqXreNTGHugnwYEoUu4hKokyLevv7CtVijaWBWLRa3","99","USDC","paid","2025-10-21T19:13:27.504554Z","2rowKaUizT71d168r4qmQGTd4tNfupifmDHNgFVEhKSSb9oDHCGssqMksztUR75rTo4XxqjiPgo2LT5md4i3yAj5","","","solana"
"674","","","","1200918","","CX2931grYwzp8chT7DZjo2qigaDG8QfzrU1hrGoaQ5Fg","99","USDC","paid","2025-10-21T19:11:25.555791Z","vaVBHhvGXujBgsLSd2v7tUzv88Dd9t34x6YKuwgRe2vZmqyTSdwo3Mi35u32C3G8u1MysH3FnbLL69Av5gjRxJz","","","solana"
"673","","","","1200917","","Gb6TpiWe39YQ8zC4KRSYX1J3wMaF2c1V2Fbe5eMVYtaf","99","USDC","paid","2025-10-21T19:06:16.497405Z","3eYQKXzTnruPn8ykbnAvSNN5UNew3v2jz1Toqqt252NtwgCAeA76cCNdJYF2LBB4Py185qurRjUQfsYowAb9b93e","","","solana"
"671","","","","2481","","ArMq999stFWwX4oPqKYTeBXys7oUDmA865NboJrMFs2E","99","USDC","paid","2025-10-21T06:54:31.015432Z","2hWKiX9mjwtBCQzibnNgXk3rz4yZSx6EWNdQnGWv932Q9NS9Y3tKPKRmgnd7YdN6BHRe7rxgqkyVM7nTGcBtLr4","","","solana"
"670","","","","1200409","","9gXUmVJRraJNP3tPsEbMUGCuBRKF3DTH9QirdXbGsz8h","99","USDC","paid","2025-10-21T01:58:39.605003Z","QbxvVqYfZND2ZcyEEEvM1u9xehJyoEBeD5Jiug6CFZnugf5uwxmrbJRX2eCqerHLkUhELB3mKP8oDpGqZmhvABv","","","solana"
"669","","","","1137489","","GbDmkfsA1Bobw8EnGok8oYKGo2Re4QPusF9ubEuzUNup","99","USDC","paid","2025-10-20T17:43:45.668858Z","jH5Fe6wE36bRRHJnwLB9b1nRCfc3TYpyEhd8vbtdtSUC75JfvbfMoQDdBQBkV2eKuGq28tECXhiQB3jTAcYp6Xd","","","solana"
"653","","","","552545","","9ydXEMfcWHyyKFwgRgNVHsoeX2E2giBu2uy5TuDMdonn","99","USDC","paid","2025-10-14T16:35:23.58249Z","2EX5niZcJnKVYUDgcBiAqe97cXeygSVittqhgbFxbiBcUNAKyCuCR9mGsMHnM9AwbpZ1fqNW9RyUDYcPZKW3YTSa","","","solana"
"652","","","","994084","","EHZALUqLM5mX3ix3pKvyCCaBwauChnsEkXX8w2XAVUx5","99","USDC","paid","2025-10-14T01:24:27.883974Z","5Eo9s1n8dV4qdpkNkiDSbRheXyEhzAsRaHSyF3uF95VFJUcHD3siy8K3STKVzMwQq1U49QDmi6ftMNy9hgJvhXbo","","","solana"
"650","","","","188492","","kCPDjevY3huk58dquBznq15Uyfy9vtdcUJ78vF24dP1","99","USDC","paid","2025-10-13T06:35:31.717907Z","4gSVi4tRB6jLZPjxoETVHuBwuTSQQXJ3e4zFjVB3dwhtZiJ2U1ric8SbdMbxQSagc1LW5HjHUVe512ZzHoqRGpYH","","","solana"
"649","","","","1195158","","4sptK2wxJhnopBCkUb9VR845sTVegKDqQLjCpzhQgot7","99","USDC","paid","2025-10-12T18:22:16.279506Z","41PXadJF3fxeowjs3kcG4HZ7HdFna3sefCJTd41jx6HtQ8eDvjLJNGV2FSQJEcGispQcTXjxsXTLqivW4qyMQiz3","","","solana"
"648","","","","1195157","","5febW4appXabQw691Ck1PwvRd6ZUUTemEwh5jJvCmnMf","99","USDC","paid","2025-10-12T17:42:03.869755Z","5kYJe6MNSwciVNtzq8f1Unwn2s21op28KhLgszDNofSjQnXTp1AahJAkh6jGdxPTLhUG3pzBqExLTjtjfiq9o99i","","","solana"
"647","","","","1195156","","6QwcLLDAzBe5q2iyAubSLbNfaQqEPa4TXEHDMr9Vvo8H","99","USDC","paid","2025-10-12T17:26:17.060962Z","4aqJrdBVRNM8gC4eqFXUW47PL3tGJYczuzRTRgwn7hE4mvwwyj87JAb8JTBmziwN5DwTxdzahc9LpNDYMPoNM458","","","solana"
"646","","","","1195155","","9p6tBbA4uHbVoaCsRAqNA3KEQBU4vRMTBnoXrZe4GVZT","99","USDC","paid","2025-10-12T17:07:00.919719Z","S9RVvkiiVK1myaqthnK4aoUF215mc4QpXf8G7wQRFBgEQYcRSHBztkF9mxu4HE5Q3mhrSepMJXoEvJ7Luue1Ukq","","","solana"
"644","","","","1193238","","DpBJW3bSgDXicBDX4DxXStWru9YbW2Fc1aFnnXyetWcw","99","USDC","paid","2025-10-11T13:00:11.706993Z","4TPYTTWyYr1byeeKDaV56eaZFfwaUEaSQkgKhUFgsEvigzYTmQqPa8BkQa5KB1tTCN7bJySMxhCbtsFZNyKc6GK","","","solana"
"643","","","","1193837","","aj36KifP7UmPeCPsdWH6P5VWCY3p8Zvr9p15aSRhvDh","99","USDC","paid","2025-10-11T12:33:02.470603Z","47X9dB68L62SZparBBjLym89X1BBXiaKAaXcnSUr7D3oF7tCoiZbFUweyxanMY9oj3xpUwFyZmdiNchrj4AgJNWJ","","","solana"
"635","","","","1189718","","FiWC3paYxTBGjUGAmPWvVLR94hiD2CBUd7of5NRv5hnq","99","USDC","paid","2025-10-09T18:36:29.480352Z","25Ppm74bJX9EJVkb8hqSrYi5rqB655MQRQLPVuqPhJDZaC663JK8iDDQeTyDmejXJXhvugTLsnuDiksv99Kcu4PF","","","solana"
"634","","","","1189717","","GRutTdSg4y2pAN7b3LHH6eEdLC376wH9yfpneNMj7gBf","99","USDC","paid","2025-10-09T18:32:51.503072Z","pHtc15ym9pdvRZJbcYqWejjzfp3MqHRAXAwcRnHqTARP7hCYoS7rjfjvQ3bYXmzCSBWwRQ7jCUoZkQNJw1y2RJa","","","solana"
"633","","","","1189714","","EVWw61WEZMfaL8hWsYg3ZQZb2hYMfoFuPQTX8UkSR3kn","99","USDC","paid","2025-10-09T18:25:21.470206Z","mC8fvw1BEavH7Lp2EkEfM9rer76WnqvnsS4H9ZwDUh9Z9wcxkKPzBT76XxxTp5FTddwAyjJVUdUfaT44jnxViQS","","","solana"
"632","","","","81957","","9rZyegV7hiJbAiZWhnFkyFvQ8QbpyDAm1PMYvYqXfeDE","99","USDC","paid","2025-10-09T17:57:23.622181Z","4MhT6cyPjtwMzJ4qboLv8qt7PnS3dcAjiniqMuXGcSbdJeMSnGLDN96ESJTkrqvDXF4X9ke4vX9qxoqo9mXni5eb","","","solana"
"631","","","","115300","","3BTGWS6GEZdHT1ZmkgwbbrDzCFRGyFDzcoYebr2bSFY8","99","USDC","paid","2025-10-09T17:56:50.98717Z","WoTPyoaACc5ZL4qC8o3qeNcH6f2L7eBNZCsABiT6kjPrqe67gS6UkV5V5i8wDupzqYBiqfiUNy4dsCfVHfZWt7t","","","solana"
"630","","","","115251","","CEe77BHWYUcSp3ceozvkywjiLSg1yxWxf8DQmLYyfUiH","99","USDC","paid","2025-10-09T17:41:33.245617Z","28Ho1fkxbDDrSp4X3Duez9ESMduqZjzQiZBgELDNTXC4Us4v3ND9saX7pyiREnPNF3K3FFGsSas8y7hW6uF7MJke","","","solana"
"627","","","","162097","","DhdMBVK3GxNBMGiMSAs62ZXrMgDR4WbounzkHWss8gtn","99","USDC","paid","2025-10-09T13:39:00.961572Z","3y8KQZk44dEKE1VLmGtyUDiFM8Qxc4KuzHxgPaePy3178o8WrV2H8jFHynGGUFfLtDTTPffRSUpLxFP9BZtrRW6W","","","solana"
"626","","","","1188276","","2pjDYSagLTFQaJ8NV9VetTjyrRH5VBRgo7xB3CfPUUiY","99","USDC","paid","2025-10-09T09:59:46.597003Z","5iSo69hKsUAnn1bXAcAkCn36Y1fxazDceMDTMtTZiQ5b9UdxM5UHR8RCo6ogS8dqYbDfmNtQeeXbSUjwqJvZYDYZ","","","solana"
"625","","","","1188275","","7KAetpVt6VeUxtQ1sXHHPEZAfzvn6QZArZX69m9UHXT5","99","USDC","paid","2025-10-09T09:58:26.138873Z","2nsLLEJDMzM2Ya5HgTR8QyxoKFGNenA3ytdjmKpC7PfnmidkDd82PqXCjWsb3jXgt37bpKChG8bioAhAmqe7tfQA","","","solana"
"624","","","","1188270","","7oMbx6a13MbUVCNd1rkFt6LA7CSvZNf4PSMZyK3MpxRm","99","USDC","paid","2025-10-09T09:56:42.40779Z","36qrHNc9THWYzBqsz38ctp4AcxvKADBYYCefuwvSWzHtyAX57m6G7gH5pLH12G54ZZA16NQXtbtCjvQNKaLWeFwT","","","solana"
"623","","","","1188266","","E2twPEgwqSG1gea7Cb2M5BciiCTbFfvFtbVEnZ6L8WbW","99","USDC","paid","2025-10-09T08:41:10.102429Z","2UgR4MpJ1ipTXkz6idromKG8ruF8mpmyQznjuqrrFJg76vhEJQRb1KGshGMQnJWjAxPcdgMUdnFccD3AeceD3F3d","","","solana"
"622","","","","1188255","","8mJZsDnuFGu2GKcXBHgmNXqoGk72rBYKmecMtw8rLsLN","99","USDC","paid","2025-10-09T08:30:57.48032Z","2fT2VUyBF9PCKrwPBXW7kPMxYFjNkL89FtqHxYFrJW8d9rTRGttQH7zQkbiAhNZ1u5mXWcaHFBsw3x32UXrHokmm","","","solana"
"621","","","","1188253","","7DvDhdjXoGUCj6rdERPvPxyvLLdmGzPmECRcBooCcYhn","99","USDC","paid","2025-10-09T08:24:33.328397Z","knW8fQ6Cnw4TznqA5B7tX4rFVfwpBMkoVkAwqYiZu3g8DnqSMYccXfUiDYR5tebMsJesDhWrcZ7yjbStjL6x2vM","","","solana"
"620","","","","1182466","","3ymZPhKufo37j4V7EzoYvbXf6q8pQh5YitsvqCTfQYnL","99","USDC","paid","2025-10-09T04:09:37.229219Z","3wvRmmo7TxkFpXn9LdaXtfSqGs8RKy6Zs3DyhVtMgNi5m421XYobxnhWG6LuWQG2WKcGeQ6vVn4nUYCvhsiMR9ty","","","solana"
"619","","","","1183426","","6FJ5wn7Wqy21Na3YPL9TjWGL5HUu1M7DErxWBZBa2YUC","99","USDC","paid","2025-10-08T11:00:34.75484Z","45k4iVJvbH9P95ArSG3aX4CH4C58pfbVL8upwyiW6r2L3iMbKFvgWL4fQe1HsmRe19GCHxrRF7i2zwbq13KAYhnE","","","solana"
"617","","","","1184153","","DxhPycCaD5VMHMu2mPRbTGC5vzc18mEqfVfG72jnBX1Q","99","USDC","paid","2025-10-07T17:37:38.182955Z","2kyhjwpWvWoH5WMULfCrb1p4TPPMfo9nRyBfG1mVZLFUPVoL9JaPJEQWhJUBEcFrFea3A1TPcW7Hip5Q2jjCKEeH","","","solana"
"616","","","","1184146","","14becwhS765U4jf6QWwBLdsX54GLg7kT61R5TUxaZECn","99","USDC","paid","2025-10-07T17:33:01.153132Z","51786vAaP7BMUhKd6WSGu8HTWD4tGJAkYHF3kHj9TRnHskuVbnbD5PvRhYCSAb47nBJ4jd6hB8WCfmrwaBtup5Jc","","","solana"
"615","","","","1184136","","GtHCAemv4kVj6yB8Bkqpz4PH5jjRZoXqnvjPTXQdYfNH","99","USDC","paid","2025-10-07T17:27:18.758794Z","5Eaw6gNV7eJuQowQfQcDL7b5R8AT7k4BVUt2y7WwLoQmFvSFfMho6igSMFcAM7DDuE5oeyuDmzsBfBgNhCmSibgq","","","solana"
"614","","","","1184124","","C62Cr7Kc9ECGcJbH1QP3k553rjSpg7FNUSTvjnD5TZCA","99","USDC","paid","2025-10-07T17:23:27.315843Z","4RCaWrnqKE7KJHKPML2XQaBSW5sXVNstFte9zKto1EMaH39QnoBaw6mznj9ngcvZF12h19aCAQVRc95VtUrYSAcT","","","solana"
"613","","","","1184115","","Hyr3VD33uodtU9c7w9fzWXWj4GBdVRuhHqShZe9S5kug","99","USDC","paid","2025-10-07T17:17:15.261345Z","52S1WDxpbmWaKcgPDAJYvtqecEMgzjBJwTXds8BPncybSUfnDDS13E7wxyFvUi3GEatHXh6mqF5s6t3Q34o8wkaY","","","solana"
"612","","","","1184106","","J1wp34yizPztRc1CAyf6eC5NLjtN6LWqPC3u2YMEN8pf","99","USDC","paid","2025-10-07T17:11:24.772299Z","2D3KZr54Ptm4WFKNytnqTjpr2F7p45VZBz8hhmRdwsNd88nefcAM6wz3PJqK5JAydfHs1uq2SKz3ZNDnm38jo6ah","","","solana"
"609","","","","1123395","","99Hr9wfVoZ7uxgtzJUt6EbttK9bjWPJiYbmybFWmgz9U","99","USDC","paid","2025-10-07T12:35:45.547481Z","2suUNCUFeJoP534L2NApr86AS1DndVepqFB9sWDRicxEaXR23mLKhzoaS8kAYTdaL7eDZU22jCDxfd8pBMky24cd","","","solana"
"608","","","","1181965","","HUnFLS3y5MNyv1m2Yp7yMkNYLpUK7kbVYVWDPdkNhoEc","99","USDC","paid","2025-10-06T22:25:58.829086Z","3WvurHhY8qt4EdfBa2TKXHNf3RA3EeX3K2GXnmk5w46f5zjJ2NAfFf4VmZkNsgjbpFyMpPCwtDM76F8RKPFcnWRH","","","solana"
"605","","","","1181525","","9AoEuXojMo8wtVV78pFN4UwCUEuowCqSaHj5EsmsN6C","99","USDC","paid","2025-10-06T13:16:00.480194Z","2M8qZdJspntfjtLaC86xgavgXeXRy7gLt3uD93Mtj6MtXLTiqFs1QVzHwkFRGLbDJzsqi92Vpfq5P7GoMcUPPsGq","","","solana"
"603","","","","1181489","","VCRFfcQHo7ouZqHf6sT1cr3DqrFwMuUyThTcPcxi45z","99","USDC","paid","2025-10-06T12:36:01.116513Z","25KBz9Sy6KBZqDSL7mtvyeqEFegVNe4YUCDRF2ioMBCqozinviBPBgyP6UUkwyU3EYM2tgb2ZbUdeJwKQJBgspEu","","","solana"
"601","","","","1178795","","ENx6YegDGpxPmJwEoobG1zw8AZb4bgtatLeo3Bk3ePkT","99","USDC","paid","2025-10-05T14:05:50.679326Z","3zqQuE8Seskk9EFw2CESGx72FE97HJ4p1TB26EfkWM1Tj3iKhB2asZUSf7pKxqpgUV3k2wFGWTRWPq3pJf118yJv","","","solana"
"600","","","","1178265","","6xN3RPiSfMGYr1ZPwrHj7ykQAPYBqQUrgGV3qtsuaGbS","99","USDC","paid","2025-10-05T11:05:27.882059Z","5LZY9gFfbEWnhzAEqJ2kwPAvMajdC4gtipjj1mwf7F52Ky5A6TnN7o2oariqoFh1doRf5WXf3WfJ5c4erubuBX6U","","","solana"
"599","","","","112917","","FMobkTBmarfpgK8rrJNriTe6WW66e9ci8LGDUF9nDPsS","99","USDC","paid","2025-10-05T10:54:20.058772Z","2s78tYuSRPMB9VA4b2yyCBSm62xdYQxiUFccX8kWJzyk2Jw3gdhMx9bPvnFmiXB4fdPBxoSN1YAACAHx6yG1Cfqs","","","solana"
"598","","","","113557","","2NXV9N6DDYExccghrPs6WWqM5NKZQwB3cNtVYcWhedg1","99","USDC","paid","2025-10-05T10:53:13.017252Z","wc8CpMxAgemnYJaJgEMH68SaKRkn6ERfugxNjvhnF6TjBhRt2bSTDvxXt4XEGTM6Ep1Ay5rYtZZT6DcmQTXcGxZ","","","solana"
"595","","","","66616","","6XnnfjJ3WohBwsBqcE5dwmQvdB29bTawtu2ZuuFdGro4","99","USDC","paid","2025-10-04T15:47:29.268851Z","4rdZNwUgwvtDKH2cgVj5r2NxxTRSmPfQvufeGjVARGTrNwjX2epsLHVxuuJbpm9WAVZvgLir1dq2XifK4ERRbwNW","","","solana"
"581","","","","1170172","","HtH5UH2DMbeddaUDvpoapeXJHE3VqS6tMKXsebAiuaTn","99","USDC","paid","2025-10-02T20:54:21.987009Z","4YacZ73YMsQ82v7wTgAHv3sPZj2KiWK3csPwzHQJe1KxohshzHCScNuwajZMLHeiQQ6PYHeZ6XxNjMMNQdN6CmPz","","","solana"
"580","","","","577419","","9Sh8B9Si8D75v6VDj5AeRWumDqtapw5Fjnm3qXMcyuFn","99","USDC","paid","2025-10-02T10:15:38.896038Z","4M8ZeRQKFEqJydk3n4RnbtEzq5LWikXKZCdcaYhch665hK9mchmrfw2AyjqiTzcC5t63HbjTq3jroARVYBzW9ogA","","","solana"
"579","","","","1131811","","6HwHbodjjqf6p1Zho7SWhW1zXirchHwzEyo9gUgSz3M6","99","USDC","paid","2025-10-02T07:50:47.901856Z","338Le4GNtAktspmh8UR2UgBjuHLJm486tRZyT3suTdVs3jNA7YcZU5UAcqs2rvCVDkT18vmyWeoqZNQWgSdb4H51","","","solana"
"578","","","","727159","","8LVaZvnCTLvd7jjyw4bcfeyVLmZj712bNMcHj29e6x3z","99","USDC","paid","2025-10-01T20:34:08.686585Z","3MXpBA9XL4K28zSistFWSL9bdgPAgqVYiCBNY7tPke9qSrTRb3Y3UdRzJ6o4pau5zqCsWEpnhjtEquQPMr9cEfha","","","solana"
"577","","","","540","","7uHLnz6TXJ4D4yZDoh3hem9xaWmdkFdzGuFTfL2rGdSH","99","USDC","paid","2025-10-01T18:44:21.108512Z","i75y8w6FkNoFhffWWvE2DCbCWTH4xuSKofpvci4jiRBW5NCgbNwiXZoXfbk8bf3mTzoyLkAQ4MtvqT3xvuwYwkv","","","solana"
"573","","","","1135264","","BGn42CKNYdRQ9hxJMGoXCWdCouFrQXk9NVMm5WNn8EXR","99","USDC","paid","2025-09-30T12:56:14.970722Z","3SX8dGTPsBecmqLBJEuVpkkzZVUoFVd4wuDh4em7BnHTAW2ZazqwjMbdwxgAcWu12aNHkfB3SRTi5YP4NBVDzHCc","","","solana"
"572","","","","151089","","AC4KjXm75vPzApzeoEWZj5xMa2TxP5Rdte6YLoPuoEsj","99","USDC","paid","2025-09-30T11:22:11.77986Z","5BLezPGoQZAhSAkrvzwEiMgXsxdVPA5KCYD7KCGYf6BS86VGxJaKnBu8hdQ77Ya9Xphz8y45o472o3c5YX5SeAq6","","","solana"
"571","","","","1063288","","Fu8dqkME58bC7XK1HeWJaVudjvnKErkpzrjcycgP5HPV","99","USDC","paid","2025-09-30T03:34:34.287945Z","y75BcHb5xeq3s8Ph7wY2UrxahAgzdnrBGzKPX7GfhyDthGCyVGvJK4uB28NsRTjiXZD4G8FbTmhuCazA1Y5DKC6","","","solana"
"569","","","","1119711","","B4zkjCxZY8L9QyzocUitGy6ZMYV5vf39CooaGnsoek9L","99","USDC","paid","2025-09-29T15:03:21.748431Z","5xA1iPRCirgkFGutb7SiKbAAg8XLNxbRvFtujEyzgqgEXedmZhZUnvy1tzjXq7LBqye6ksuZA5UhNnZU3yEybAuC","","","solana"
"568","","","","1119698","","6E3N9hwHUbZr1W5EgbkD4Enf1RouHpyJkuNzhcqf9DdV","99","USDC","paid","2025-09-29T14:56:55.838421Z","5rYn3VEgShvHvR7FokeDBM6kDjs7Fv7JZquFtGU96hWYVARLzR6uQYbEKFCwC9Wrj2eDqa6wSSZFWjmrdU11eNoe","","","solana"
"567","","","","1119672","","Hev2zWAZH3jWNieV9Y7SQ191mr6gQUijGJ9aAPzMpFJT","99","USDC","paid","2025-09-29T14:34:14.469599Z","2oR9JTBFaDzH9Yi7XeTSRm1v8JqZJZe8ZwvG1vyX49uEfibBWR2q6dRfzMUZ1ep7sQk1F4GtPZNA3mhzhazsJjZu","","","solana"
"565","","","","1117135","","E6ySNWMfsipGtF7KiCWGm687AnpYWg9NfCwbenm3c8pc","99","USDC","paid","2025-09-29T13:07:28.067597Z","7Rvn7bhKn2GnVYbVXT9QX71GRmqYctM1zjgtYqzDxvL5yhsEycN3r6tkborUEhisn5m1rPxjaHfJFhS21UbnSzG","","","solana"
"564","","","","1110513","","2aR29fjeHhvan6Qkzh3dwcAGEnXAyLqozCM4Cpu6y3nS","99","USDC","paid","2025-09-29T10:46:29.862787Z","2a8SSvCzM2nsEpJNENp6haFZt9mhhnVBANk2KA1z28xnZcrGceJh3dWzYdotW28NuC4KPhEuR8G7VHRoT4JdQSQ","","","solana"
"562","","","","626497","","CqXXKySRCMBwZ5pwBMC5zh8QhYKWEiSMm5eCqbrGVX4D","99","USDC","paid","2025-09-29T07:57:06.698059Z","64JN3X7sdK7xEggVHtDq6oV8DPou4ij6GLkzzEUH9dcdVWsd3vwDJztNR18yQgRCL82adJLtHQDxY3Ysckd6TWNS","","","solana"
"561","","","","995145","","32SJ8s1wuFkTtoqKSNWxDgMe9YCjwpjnFZoJMZJM7R9f","99","USDC","paid","2025-09-28T19:49:41.679434Z","2TcWJRukoPnBq6pEqfmGbt1rAGMcTHaEA5povbw4VJXiF9RM3JLfBYs4FCXktbbANNxjkXQ5qW7qjcASTG8MwtJj","","","solana"
"560","","","","1096060","","5Q32pGb2CGSeT1dCqVpKLAo5kjJU9fNv49urkD6gVfd1","99","USDC","paid","2025-09-28T14:49:15.879911Z","4QAcdqUhDstD3vEuNravTe57rpH9U9bHQH1kzjxnP1LQFzjnHun8ogomnNyQ3ttSAhS6hNwcTwxZo3f5yihNCoKv","","","solana"
"559","","","","1096070","","8B2evsJvUUZvbAmjNn4Grkn4FvR41gPvcMpeR8byZyGe","99","USDC","paid","2025-09-28T14:45:11.591943Z","3G7LRep8a4N1b3ebk9bSy7m6etstDhUq8VY3Se5kXDSFGTw5A81CUbPDrQb3wLStSevzvxCKq9BtXp4AuVnv84mb","","","solana"
"558","","","","1096075","","2WRFEQmxy1JTjZu7ArpDMuwdwPDmH4nSMCj3UpXWmGc2","99","USDC","paid","2025-09-28T14:44:05.005212Z","4xMatA6PJJswxRUNmXWCTy9kgLpogJtnGn5pxsvHGTQgUVkKbcEM8vkAyfDA47uuYNx1ZPoXicwrfDV36oAbxryS","","","solana"
"557","","","","1096034","","DSxnDQ2wExTEtd7rQorfK6G2cDLDrx1urUj5WTrT3uXe","99","USDC","paid","2025-09-28T14:42:06.045785Z","3yC9fprd3gKewSQNPuVFkMiiCsrD2YiDeWkBnsQEdPHPadypTWQJETPbQtHLfcLrvpkfKeNwQ9CDa5mRryr2Hu9x","","","solana"
"556","","","","1096029","","AKqKVZBYZsqpSzTYHDvNZCUDqA8c3CY8EzSgngaDjfRT","99","USDC","paid","2025-09-28T14:21:45.873825Z","4CT1egUauyq5dbWxamzBc2MfFwL6zkSmJdPmLWiKB7kbq1QXUo6o92EFg7HeKyRQHZrzTBqvNJ72LzNp2yUbqxB7","","","solana"
"555","","","","1095745","","93LxBnqbBAFZ7LaQTVniF9mEZ6P357cvvwChWZC9SUt3","99","USDC","paid","2025-09-28T13:38:12.275225Z","5aK38yThKj4MXZCTduF26o9HZdEQaV83YYkJTd47yFVzc3D6fwyjTnbUiUNoPP3k3dqcfYrENvhH1cW3BDmWUKgb","","","solana"
"554","","","","1095746","","991SZvVDSCzhqvNvNaF4hS2vjj7p7tEvd4tG1YFLFYKp","99","USDC","paid","2025-09-28T13:35:54.400652Z","5LTYXnLyEE3GmmhNwa9cLLrqvxqTPyBUNwntobN5oebbR9yaSQWPAm3iaHUmbkj7ZbJWQz92SHYhFvst8j5E9EWC","","","solana"
"553","","","","1095739","","6zQpFfsJgPmryjrjUUVyuem1X2gTFRCwkxhftTy63vNX","99","USDC","paid","2025-09-28T13:35:50.63324Z","2yE3ZXdc8CkwyhqNKwvYicjhU6X4HLS4mSjzCBVeLn5e25vWsE5N1LHamoj9fHPm9jW7KQqqC19xNdC4B6Tn38VL","","","solana"
"552","","","","1095740","","XKBjrVhD9c3y3P3jdqVgjpUbtisYLiCVaKpLUVWdRXF","99","USDC","paid","2025-09-28T13:29:58.431203Z","4TaGDrVGVtzVG5T1TC7waM7BR5HEBqrYwsQw616qj1h1FMgzDry7TAqcLEhBNYTieX64D4hYQVuj3Bdy8uw9d3iN","","","solana"
"551","","","","1095738","","ABywc79EQXKAZBLBF5yFpyLuXw3ji3QzfLYfpPJ7uKns","99","USDC","paid","2025-09-28T13:27:50.085544Z","52H6jTQ93vpVQbS4vWqEXiCfuoGSXiashTq1KDkUgrnWqj7zZHdMtyBArihgA94jTgfKirm8LC29pRUToGA6Uoxm","","","solana"
"550","","","","1095743","","A9ZvacyHQi92j4UJaWkx4zzwp4mia6K48zjd3N8bA2oY","99","USDC","paid","2025-09-28T13:25:58.456251Z","4h4SWN49LeqNxQ5Kd6HvjMfGAqcJL64wouQWAQxxyPsbydQSwbCJ6zNxUsqwhDKZ7Bc2fgeuNW15TTG2aE7romzu","","","solana"
"549","","","","1095767","","6F6tGH2K9VdFDSWdoeWB4ZHdKpsHefR4UD4iT27BHS9Z","99","USDC","paid","2025-09-28T13:24:33.233161Z","3pqETm1Pw9YWBniyubpK3NLap7DaEbY2LUuTHTsrphfzSe4nreR6pY4dfUhJUta4Kso46XdRMWKGJsQX67uZrg2m","","","solana"
"548","","","","1095722","","Fa8o3juVtyYi3DziP81LgQjBY8RLGUMFMyi8ZPh4aqWr","99","USDC","paid","2025-09-28T13:16:40.974603Z","5YPVmmSfQ14d5nkje5cqxcvsgVm43hzCFuU712Y8DtdzLFRcHVNFDcVZTVRawDy5xpYwdrbGdUJ4ptK3YrWBvULZ","","","solana"
"547","","","","1095721","","6QA5dyCL7VNFUtyJWyWoKrSu3bHJmu3nsDvzhLhRAUPi","99","USDC","paid","2025-09-28T13:16:40.218062Z","XaiuD7NeeWh8QFXaVXsiwbMTs3KEAVuXdzFJDYw2nv8R1rJqzF1cbrjyS2fgzrz2jZBFWx2kB3PyaF1vnGp5ATw","","","solana"
"546","","","","1095725","","HnpFtfEoYkZZWTnpRgVy5BGwfstpoiZa1j1unjy7pNPE","99","USDC","paid","2025-09-28T13:16:39.733337Z","tnH9LfyFAR3GmxZUxekqKwF7vV8b4s6KyUiETcipX2JV4mdqrvasKPseTv9YpZzsgkK5fSB2krRuMRbBDRG3Srn","","","solana"
"545","","","","1095724","","4P8254wQock2XXboyQgaDKTZ13FihnmMnQXW8SFa9Xqu","99","USDC","paid","2025-09-28T13:16:28.74141Z","2voXEnrvy5DQErpKCqkTUm7mPGBoGG3s5P81iRrvuAWjGDPKoxvqSrTPq7dkBatoxijoozkKMGrLvPC3EaYgUrBN","","","solana"
"544","","","","1095723","","4yUZFLTGNoVxKqfkbceDMfqDQRnWj5vjWFQNtkBeoHxM","99","USDC","paid","2025-09-28T13:16:26.493484Z","4soA3zrM97VdpCb29YBsmkAGeG65fofRNtTgGSMbm5q4vyzhQsQeDNXYcxQQPBHzx8XpmyDrPJF4AihMZRHLaxTA","","","solana"
"543","","","","1095720","","CpDzmP9aNhReoH6EpMPFPhUeBENJH8FaxS6onA8ViMWQ","99","USDC","paid","2025-09-28T13:16:24.713651Z","49vDRiL8Wh5pTU2LLvwUEbT2XpgKeYDgJmF8GZRMZ6MKDmxPxcMeGdJCAfsJ9kghLjmWU1Czb9ZYCvpMzVwAf6CQ","","","solana"
"542","","","","14169","","9d4D7i8qMpVadYTpXd2hBN1pam5s7tLNbjFd5MCP99eK","99","USDC","paid","2025-09-28T13:01:49.515136Z","3CKBYMk8sA2sfPUWQW9Wp3Vs2oTmMb1m9MWsHQ3G78m9bQ3ShukvjMREYad7rdLJWx8qJKvaDfUnTzdYABqKH9wG","","","solana"
"539","","","","567165","","4e3TAUzgpEtZLA3xA55KRq6JPFfk78Tf5ZCb3itzJyVX","99","USDC","paid","2025-09-27T16:11:23.705324Z","3cVnEo3K6ndeKqUXjYEKy7KY3NMYrjhNFEnAjkzihKXRqugyKwt3tiM1q9kjoqRZK3DUwv8EJ7uwGmxP35DphP6T","","","solana"
"536","","","","1090702","","7pFhjTaLvYLa3zo9RsgDhu3TNpbiQyWtv1cgTTfZ7oxf","99","USDC","paid","2025-09-27T11:30:58.803701Z","2ZEphn3nWfFmVEV5oHbVNBhhJTLdGvNc6yyqoDp1dw5VLCDqrbVeiPEY84TZtSKUJNSUsKVHmgYzcWubEoavqS1G","","","solana"
"535","","","","226978","","BBKmre7ehBRMo6njxw7HvDobj2CDRE4MRq95oBLW5DpE","99","USDC","paid","2025-09-27T11:21:32.769286Z","6JUdr5Kx76wECJKYg7FESgXNKHD5H3jxsXDmPDRhtko8YN96vjR9wBGKerHVLmPvqfKB8SZRX5uJ4QxWEofvkNK","","","solana"
"534","","","","145161","","78hSR8QzorLyoaDQFvPk1VNRAWgTmLYX2h22uB5iFbiv","99","USDC","paid","2025-09-27T08:45:00.727205Z","5tEUxXp66wwkZ7X8jFZrBYL9o2fdDxpvL3tKNYmqjzVo7agg8i3VYk15Wb4fi9LS82TYxWSa35MaRCHzyhW6q1vS","","","solana"
"533","","","","65810","","EUnWMdZSQ6wNisrmzmwgbEFpqe4ukywd7WP2vzoehQzj","99","USDC","paid","2025-09-26T23:38:03.514263Z","5WqtbW3MWeVch4BrySRNCpAhshyqbus9KC3z1aoe3TGaJHDTSrr5PefLhYjZG3x5oq5prtwjdqsQxe5hqE1DVPaJ","","","solana"
"530","","","","80727","","5xVYo63ypaRDFPPTAfDppDYNnnHvH88ikDkaxQ2FnP4J","99","USDC","paid","2025-09-26T11:51:36.941352Z","5kRgmUDgBpDN4qjd3DTGRAZJYKeThpt5KhNED7BYPap7VvzA7HyYD54qgMTeiDaqFTeEiBnf3dPxPvGG38aoeuSA","","","solana"
"529","","","","1083464","","5xdafeWuuYqrRTEXZ2jmnzFtBmmRDNdPebH34dvjfbin","99","USDC","paid","2025-09-26T06:44:12.831145Z","4fCgy1wWJWUFaBoVaJLS2KcnLGyeFc8qjoQyt1qgTH1eULvJ8gPFTsAyCrWk8Wb7XtdHoce8LpMsdCtS42VwWSdr","","","solana"
"528","","","","1083416","","27j1YEGXyhgE5P1khk1N5mE1xaiDEnKVvfFC5YCnaYJG","99","USDC","paid","2025-09-26T06:41:14.049985Z","3C6sg1B2SgW8zg3Ff1LDfNehMvvvPo9jE42kcaXfUYBKby5srmSHLycF3HcpiFvxiChaQtUQyMinLce3Hqycqn9y","","","solana"
"527","","","","1083395","","AxwsxyJ1zn4C3dUaQ8AGV8p4SfSJ3n46RRVYNAtYPwXF","99","USDC","paid","2025-09-26T06:20:37.755577Z","66Z5Qyys5QL3HAqQWGMjiH7EC13gVefvRTNTdRHyenHNue1vwHsXwi6LAFceuThiELixuDq11pAmhYjpGWp7cj1o","","","solana"
"526","","","","1083374","","EhM4D1TzBgYMVgVh5WQsnghcDMsNETDwWsGYrvYtJJmL","99","USDC","paid","2025-09-26T06:10:26.34864Z","4ZH49udFLVKRDLY46dvbmG8hDBPc7osjX64nKzVZBXnUp1Z82eSV9MBH57GwWMsLjqQfCPHMM5RmbcKgT6fnbn7s","","","solana"
"525","","","","1085699","","5QQ8o63DcMs9FBkSvKYVtCYKC6w14aGmnfCPt9bFqLip","99","USDC","paid","2025-09-25T21:32:40.072245Z","2QT3trpwrPL5GTHPck8oigQ3d4edFVUhZAbsFdyXx6xZHLULafK5mb68XUFHcpsaJCdNuoxgKhV3RvB6YKNQ7wXg","","","solana"
"523","","","","1083346","","GYz1gaHSn8r6FZtRBzh1njecGQfBUJ8TwUeraEJQEtvF","99","USDC","paid","2025-09-25T17:35:48.372353Z","3GSQkSiYNSTWysWG5btFg6YSJDnzCDDwZacbM4jMhgRfQcJ6DLig22bRDQ8MMcjK7g8KDA6XQk87QfBYBV7sSQY3","","","solana"
"522","","","","1083330","","7gyuEXLgRZU3HKy55MifBSn6HeuJ1JQuKWgCVhuFBk5s","99","USDC","paid","2025-09-25T17:30:31.09684Z","61CtGCsdUK8R8SVrwXvGZvTY5HahfoYK6c1DQ66gmpPombfRpcFGonjtXuvu3QLZEXXo5briG7Mt9bdr7yPxfEYN","","","solana"
"521","","","","1083304","","8ihqy59f35mKpk1tB8jEvcGWn9xXPujY7jfTP2TGxRZy","99","USDC","paid","2025-09-25T17:24:46.515043Z","4KmRDvzadHaPcMtXD9JygiwciSixER39qJTA3qbtAfemqQ3WLWCuGDKyqGYuWbXdeBXZJq8sNn6A9bBjrPMPUwsC","","","solana"
"519","","","","1083809","","9rZ3q4uUspS349tHRzNqf1knTyfKLAoYTZW2A3r3xEac","99","USDC","paid","2025-09-25T14:15:41.850307Z","23aPY86UgShVGScy4rNv6yqhi885stNsRneEaTfRZfQ8G5qZ8LUoEmnhEGTaZMCNmVgZtjzAkhjnmnofYfqZiv6G","","","solana"
"518","","","","1083763","","9HnPXfJU3pc2y7XnUkKdcVTMgAMk7HqwBjCiGX2hSeDJ","99","USDC","paid","2025-09-25T14:05:12.127382Z","1MrQZMyJQk4b8VZTDYpPEjHLkWy38burJM6h4awfbZWh4aXWJAN4JoDT3wHR292wVqpruNU8GC2hP7QymbjnoWQ","","","solana"
"517","","","","1083746","","3fPqGfa3Y2SZ5RNLzBuSt6rp1hFUHod4YEBTpkAZ34Nc","99","USDC","paid","2025-09-25T14:01:28.356622Z","2FfVQ1dA4LCwjpVT9Yeyk2TQttgBs2hesbMQKvAPYnHbrdiu9X8kzc8KAJrVNZn2LQxQZ8soW4BRunwYipbJkvBA","","","solana"
"516","","","","1776","","AX9mxsSbGtZzcg6ntAmyWLVgD1SxJpACHCodoHzEB1A1","99","USDC","paid","2025-09-25T11:22:02.396166Z","vMMG3eFPKqzVPy7a5dHwofFTpZQAHtb2Ph6ZqATduFXjvn5V7BBtGt62fCA77rB9YwmzMyvQCBnE1cNnmp46EwT","","","solana"
"515","","","","174074","","BfctDC7Y3NfkZEgHtqJwXXbFB7pdA8WFRwgPktk2Sx9E","99","USDC","paid","2025-09-24T23:03:45.213815Z","3JQjzP22VNqhu5H3UZA2Zaz7GXFoaQaJZvWvWHkYQGD9RCyiCtDXiBuJrgXtAwaonYU4sqmp71Vn61dxymFnMit9","","","solana"
"514","","","","174072","","8qW1Jn8P9yCRcdNKrhYW86LxUrqGL6Rd3zfv8BwmXxeX","99","USDC","paid","2025-09-24T23:01:40.063272Z","32bZbvPXcVziFmo9fFo6hHbsfvwyeSpcMQzNKFgKqFrDQhiE1Pedm612LzuyXJYuVNwNszYHASiT7UsFwWnkzGz3","","","solana"
"512","","","","548","","DqEkaPF5BQuybiHqaLm8xLszjD1MHKEfkPd2w1c6E3fq","99","USDC","paid","2025-09-24T14:34:42.144274Z","33sT3TnPk2DnT9Uda687Y1LpDTTiUdwsQDWmFQhGrJik3X8n5ssKuaQWV662bdbbJSdd553FfMFfPsdqAAqXkBKx","","","solana"
"511","","","","1076194","","4CQS7RpNoLvnyVCjNE6jVN7Z8qQgnemHh9AZTgx3eMkq","99","USDC","paid","2025-09-24T14:25:43.92351Z","3Cc6GLv1WzunRKScduDr7yfRzyhoy6tohr5FVm5zE4z3JKn5HzyGAn8nyR1pJoGfsmmZUfgW2J2W7ZKjwA9Ud9iM","","","solana"
"508","","","","1071364","","5dpu6mqnLXsjwCbsF7koociAPJbR2858sThsRZNYRxXQ","99","USDC","paid","2025-09-23T23:26:29.449639Z","2i9sP2p3EEoxrUy8cGKJvuCZiT7t24xDpLrZbHbfuhBLeTxaL8DTUYtpncKt1nWX2j1p7znG4s6h9aJJnwUZaute","","","solana"
"507","","","","1068778","","G8wJqyNfXzkr7KXHJ9rKmkhdCAmk4dpE9FGgNS9Tn3cA","99","USDC","paid","2025-09-23T17:07:40.638676Z","44LFniuxCA4UyQtCMC2HZ9WjkrEEszgoRHbUpVC2VwFJZkuSbdktgTJH6Pg25ucft9UYNH7RFGZs8PPbjBpqygkr","","","solana"
"505","","","","4389","","Zh9eBZaiR6DBhXvWwWaiYh8Sb5QPbfrfsZDUNpBbp2w","99","USDC","paid","2025-09-23T12:32:27.253709Z","3zoVY3wBbrbpFfmnyoc2QRkCSAidNuWaAbAetQhynP6mLb48ATwwASuYeDyJVx5qcL8naLe2AZ2pG7SbiQ7LCkzf","","","solana"
"502","","","","1048416","","4cziqMpMtx1DTjL95RsC9AkxsdSpN6Luw8NhHUjz54dn","99","USDC","paid","2025-09-22T22:04:05.175208Z","5fp7r2yfjjG8YvdncydwZ8NQ5M1Ef1r6gCE9qS8jQEdGhiF5sccMDe3WAHDhr5ZrQ8fzgqnzKbh9w8rizxkYoWjk","","","solana"
"501","","","","1056026","","BoSE3WNWNwKi3uKSq5NsXu4K4Wakcb7HAMsndCPQKjzN","99","USDC","paid","2025-09-22T17:26:59.045538Z","gqA4MzUmALsgBwKukAb7qPjGak7Nk8HBpu5HV9DZvF2eJhznVUkLUJW4aL1QuGDCJvMkDdw5TW5BGVp923bEMxK","","","solana"
"499","","","","1046767","","CTUkCANd1BykvRc3KBetbSRtVUiezxF1uzbRYGxxCjD7","99","USDC","paid","2025-09-22T14:11:46.894261Z","52dPb5NPFQWBEjKicSrxTwLeyY1VrGvAHR4mLzpakNCxBHvQQ3Y8MW6Zc1NJvxaZouSF7xX3s4nvACgLVpAszpgn","","","solana"
"497","","","","1050871","","FuJQUrHDcHbNra5j4XLHDW3aiLuoy9m4rGpxPHChztxi","99","USDC","paid","2025-09-21T15:39:55.266237Z","3WcMMQx4G1vXosLiURdNEuF71kv2gLUkufGudDMJfMpqttc1Wydf5h8X5MTZq9GgLtzjbWsNkSyQ5c7L9aU4TQLZ","","","solana"
"495","","","","1045812","","6YHwySHXLw9nTx8vB11usfXRW9qEp79rpeMSiDgpdqRG","99","USDC","paid","2025-09-21T10:47:44.218397Z","53ez7XCjHkedh6mq5ipAVFiAjdsEYuZF7jfuLDfeSZ2DyFRUZNVAXbE68kKAsbS4fBNYXhTdCzpWfGM9aFcXCMpY","","","solana"
"492","","","","768066","","26Xk1bKT3K2Ei3uPvNfuEqx2gdMFCdsxBb8EuPbkDrCW","99","USDC","paid","2025-09-21T02:16:18.902464Z","2ru1u49A7zbAiyE89HSv8bKtpeBZ8wo1tU5UvSNEr8ATi7mrnKskP78b7VTwkXUuUxikwy9oVDDArAKmzoS2owGb","","","solana"
"486","","","","1045918","","91Tjo3ka866MqRBZBgoVW17oz6rZHmAgaLiQRoJgDaHf","99","USDC","paid","2025-09-20T19:13:31.917488Z","2ZxJt8YkkZUegWBTawEP5mTVYwQ9xqN3Ke6Pbv16nNu5xGbRwgWvBNBPLKJ94Eb7vEEJv8djqi2oSAd8oKcBabh6","","","solana"
"481","","","","1039344","","C69WnycPmsdW9DpS8zuooA4b4FDzHPcHzWxBTn41uC5o","99","USDC","paid","2025-09-20T08:11:02.49024Z","5cKdMMB6MeEq6tLDHNbJrtdGhtYLTu3JPMDTvaHoxtSzcjJDCT5buj9Lsn73fcs6oZaugPqBwupDAtkic6vj3Vi","","","solana"
"480","","","","118793","","3Bp35Ch9MFxzWo6iyWQUgkSLGTmQdLWXc8y4me8R82TB","99","USDC","paid","2025-09-20T04:44:49.668504Z","2ZCeZgFcPqCJ3HrgGL6S8HUmKuegSztBvh3MbTXQuKVfHWTTbtHtGvgb4ybXjuVsZD8kwKvthwgP1eeiBSeDhMpw","","","solana"
"479","","","","1027027","","D7UmjuuyitWNsVMLK9ceLLMNko8EhssnAJ5m1LtLLJhu","99","USDC","paid","2025-09-19T19:36:34.816069Z","2qDpzS9AVLg4V68qLm3N366QXD6mozC2NXQTGahwNFXXD7kcuLmkThPCS953MBwy5LCmaKmuEJQa6dhFgQwWPtf6","","","solana"
"478","","","","203814","","XCqYy1529asKVypbNHpWBUcRnhdhnsVP6jm2tRyV9c5","99","USDC","paid","2025-09-19T15:22:58.638348Z","3drby1xQzQEE8iYc2gAyMQtxRHnsGjRQHqPPyn7qh1hm9V6BhQxFwDGNe9QRj9n8A97Nkiq1mDtLYHjiY3LD1Mom","","","solana"
"477","","","","174069","","CtQmc54RmiNp3NMNSPhYJ7aepxj7urw1nRuQrv3wCeWV","99","USDC","paid","2025-09-19T14:02:38.983747Z","3NGTfJ8BeLoCNJ9fsRb6sMkaTo1QKcL8Ri8hvPPefgLpiYibDUPSsNKgGfQxVB9NnKVtX9EFU3fnwKozcGRJCLs7","","","solana"
"476","","","","1020152","","EnZ8kxzCiToykD6zfm5T4PGe3fJCHRAZVYJTzaVqAnbY","99","USDC","paid","2025-09-19T09:48:07.880321Z","66pJFWhpX5tmkTsMKaHdf63jjiREjM2mnRETVRJSkvNHYcT7tuu616rMVfbSJ4xTdW8zNhXMhJ6wNzNDdsPdzZco","","","solana"
"475","","","","1013416","","CRqiQZjVJB5JpoBqYBdP9NMACYC6ENhhVDwzXetHFZWN","99","USDC","paid","2025-09-19T09:47:20.387078Z","Wjt1HCHgkdjrSaK7fhi4x3ijWVH5BCvbSLcubUggKx9rRAiHtF9ypLxuaSDSujTSViWmNVGVuHKNe5jwTXK2Xrf","","","solana"
"472","","","","1017719","","B3by2nqVeZJgmRz13aYPgwFovNSZFnjErVGVneSpN3vz","99","USDC","paid","2025-09-18T23:39:52.707564Z","z5UJmZtinoi6ek14utitLycxy3vBe8NN95ax6E9fmyY3KCA4K4o8BuaW3oedifx4gt4RthD8Bj3rso8EWXzGWsx","","","solana"
"471","","","","1017231","","FewgUUzNeD2Q7fDnxCemhGhmk6ha9LAX8NHGxkx77M6d","99","USDC","paid","2025-09-18T21:45:57.41432Z","5WtoAxbAHUPsq5Fydzyw3fxjNG2kGWWUNHLKQcJknUhvH12mmxbYk9hVrBxbkpRFAEuvMCofk6TnxMWDn3fcuC7G","","","solana"
"468","","","","1012385","","BFAdLQzoD8MkysKvtHf7h6h1kjGcxT7C2YNkrNcNbZ9g","99","USDC","paid","2025-09-18T14:09:41.974102Z","1VwnNcuFuo7ERDAwBu2BiV94pkWywsBY6qeKxAHYTDQ5nSU22AP7BZyR4jh2xXqgCdvveyiXo3ydGeTxntD7cfo","","","solana"
"467","","","","1012168","","akxmkHHfaPE6o3VBQusuH5mLH6gXjwHitHeGEvLbUqW","99","USDC","paid","2025-09-18T13:20:10.307024Z","mqxKwxrVynNPNo3CfTcKF8aDsyZ1YbU1GJDsPwA7YSiDMZ8BBykD1vXfS8pCNLBz2qr48vgrv35Phxu7q4vwMev","","","solana"
"466","","","","1007366","","24nsEWQwKvCFNV1jQPmK8MbGeLN9ZqRCD3WWReo5E5b4","99","USDC","paid","2025-09-17T20:54:15.312991Z","5GrYWnUxK8am5XiEmUdbaJBwewanGmQPuhFoQxxdBnCwUgg3Av4tSV5m7g4vHUsYCfPxtApAdcAz8c7uWcwhaKSr","","","solana"
"464","","","","1004868","","CvR57tmtnHbMmPivvJR6VenXivQaWue7z77N81WPpzfv","99","USDC","paid","2025-09-17T14:34:53.443119Z","57hwZfjb9kVQPu8UK3fdEyuGXtbq1wnSHZLRcELE9aurycbAqgtmA6guDfQT82pWZAL2B3j2EWxM1Mh1BhMPpsN2","","","solana"
"463","","","","1002972","","Hbm7TWrKeVpPNKZYhnTVBgttfL8DZTAcMeyvrT9tL8Tp","99","USDC","paid","2025-09-17T11:44:06.070118Z","5tWJMtcjsUube5ZZzV8xH1DcAktC49r6x1eCf82hVc2pBnjj3xG7cGJGY3hgMkGeDayvzC7JXi9CNAeMmSvpJYCo","","","solana"
"439","","","","995096","","31rbwUVJSn4p2KfAp2d5gNNMseCb6MjJUVWz1yJLy4d2","99","USDC","paid","2025-09-16T11:59:29.546323Z","2EdcUmA31Y5WfeBfWwDFGzAwVKa5pgFSPoBENHn7QhYcr42wETHJTSs2TNNoKBXTEt9yXHhsrUXkuPwrwGKpDMid","","","solana"
"438","","","","995542","","2eSTgVYVtJDJcDRLDEczAmBWctrXnQNDRuxy8LJDxviL","99","USDC","paid","2025-09-16T10:26:43.100331Z","5uPMPWhvwxmsVbN5dNCaa566k1qLiS59b468VRapYQAgxF7qxN6KCg5bKY4rZUW4wu6z65qwXQC9LbN9tnsr4Bcp","","","solana"
"437","","","","994173","","9EziT4si2bcP13rHLPVZahRuaY9pkiRhXEUig6Mdqto8","99","USDC","paid","2025-09-16T09:28:22.128749Z","61QhzvXzevtUXfN2iinZeBgPgPCiqfi1tLgPWqdGeVgpFLVBvtzgsMggQg3oGJxRPyZZaPkHsuvEvoAfqvFuUvAG","","","solana"
"436","","","","144450","","Ar1AUVfZ5XzpsVuWQ5HfJEkvydZiFgJxPLxupcX48wQ8","99","USDC","paid","2025-09-15T10:50:44.006552Z","2n59jPAmN6oSdwEDNuvVNdp98J5acgprEWXkufJEs6bzHyv5LgPsMcLbJsBnpgif85jKpbPfEqfJdmKfPZRZse5R","","","solana"
"435","","","","606738","","EaN94kZPFQd4eNq2vdCkK31E7raE1i6fCCdL3zc7oexq","99","USDC","paid","2025-09-15T07:16:16.434377Z","26F5fQiWwyfnqyxnRycBx7PW4XZ5Jmysvz8PXBmdXBZinp8YcLX1E96Tbk9Cx8dGHTJeygwnNd3B5ThgXb4PbdNZ","","","solana"
"434","","","","981728","","Aujy4DjYCCf58cYTpQ9gHkrMPohUGoiaqfg6wYLCnP5x","99","USDC","paid","2025-09-15T06:31:45.40691Z","3cR4CcJ1VuB2CwdiQcMGRpobgCi5k1jykbmyx88hiHnnWQE37b7iVuPzuHvQGnR1qoAB67nT6cGFWAndybPAZrrs","","","solana"
"433","","","","992713","","An81jvUpyrR72cKipRhZ78sUgUsWsK5GCxbELQLvMVJB","99","USDC","paid","2025-09-15T06:12:17.523494Z","5njAnFctpCX788kxuZD5TFPaf5zZW13Tf5DCUMnDTem3wKhnW36jagWi8spCLBrkdnyjVGq7NzC7JhwzCTSU6Q4D","","","solana"
"432","","","","382722","","64JhYFNoa6zDMudxspdmcx2oJLfLpxQ3ggR1ENaUwbmn","99","USDC","paid","2025-09-15T02:26:13.943953Z","kKQBLWt3wrcgBTPpzhbbkNvcqzWm8ZE88W4zAkQUTu29vX34NBeBmF9VuXtHBN8xT9gTwegdAjrnZwH1kavrnQd","","","solana"
"431","","","","134195","","6prtmgdJgrTyQbL27wp5p4U2x46bC2ABBooVVWcvTnrN","99","USDC","paid","2025-09-13T16:38:57.484183Z","5iY22LcmJaJZNrKzmqF46q6NRoKRyXPPsokkPJhHekYi5GMTsA66aLoXmHANSLjyGsz74iMf6cdnpk8ZP5qFJeZB","","","solana"
"430","","","","985028","","HKZuQGpaXgPwxNr35BMwPQqez4x162khrwZN4EiFZhtn","99","USDC","paid","2025-09-13T04:56:15.738669Z","2LxN83B3aLqxJ2XFCnVjeUD5d8coZ2UZUuSQTZv79Y9tjw7NTzrCMuaAw3N4WdNJmjvtMxtHBJVDb26WCgMQz3jg","","","solana"
"420","","","","175","","Aqq3eJ3Jht2hkHdEBxVkFkpyc1jKp4drd4TYKZ6P9CbZ","99","USDC","paid","2025-09-11T01:24:34.300434Z","4gGJVWFAJWkGupfP1eAF1tTYP4wLZQVN1pyvyN89fKgULhrpgc8m37TX7YtjA4sQfrmPQ7H4qevynNcTghTXNd5e","","","solana"
"419","","","","899418","","6H9LfoTHNkqa6oEYjSFDbA28FaQEczD8rnbS1Ex3MZzf","99","USDC","paid","2025-09-11T01:23:47.186528Z","2M5Q5HeoNeew1mTCNDJ3eWLhia19CGK6vA7RGuRnKyCFgNbJLpeS1nDzit1hcLySVCAHpPwq1p2tjVKQdRbPaUeL","","","solana"
"418","","","","574762","","5TsJYK37x2EKWtnmy8ZiCpu5zAjGNibJPymUy813MsyK","99","USDC","paid","2025-09-10T11:24:27.17645Z","4MbrU5fUNw3CudDAp1fzo5izHCvKkPaf6yeQqoeR7aBszvagNvi7kxLw2MxwafQ6fZtGFwW7ZAm2JJ9dKzxgsVrZ","","","solana"
"416","","","","74231","","9sPDDV4kaT72KYHGbgK2QyvqfphEnCc7eEunAXKeGgdf","99","USDC","paid","2025-09-09T17:56:57.490339Z","3ogzXHqyVKSRadTGUp51YRcRfpkHmnsDH88vu359zCZcNYLr19Qj4SNE6X3AFvUxSMU6W48gYiGBuxVw3DhdqiCA","","","solana"
"414","","","","846720","","GCrSDYo8KJe7MUD5SQp1imVVnzGzfqjrKEz3cvvsz2bK","99","USDC","paid","2025-09-09T06:24:55.992747Z","5T3rmM1nwLPNQ1LcXF7R6HbJ2Yr13wh1u4EPP4jyEsZZhn7QyjJvqiHogcLprav7M5rEWfgCj5g4jkacAdDSSyWb","","","solana"
"412","","","","183475","","HmAgwrBa5iq6DaQSY51mAQefa1TdnfrY5vCy2yBiBS4D","99","USDC","paid","2025-09-07T22:43:22.868001Z","59jqTfWTWG3BmLgSq5t5ha6gbDQjJZex7hQvVjQBmMn8wtqGFjVh3JSgwEshcMKxaUPMA2MUBgxhih4SHY7Z2eF3","","","solana"
"406","","","","907307","","6RJaQVCzrhRntsUcHXWsM9zySJYhMWYJA7bDWZYHhCG3","99","USDC","paid","2025-09-06T22:35:43.709738Z","4yHK7NsPhVu1yvvP4gowD6sXbDFPejQCLMgAm18yMSHyg7KyoJ1GffW1jKM9jFBBFRKnnoXUMucmNhyEEa6G5STs","","","solana"
"402","","","","183752","","4242oJi89WTyesJnNKHdVyTN721z7RAvqoJFqHeDkDmq","99","USDC","paid","2025-09-04T19:15:50.478114Z","5eN38c3XCsBchCYbqFQR2TscnVFwPLtoCBfDdxn3vb6ptaZdf72rEvUoJU6NLaz4GYx6WEsWLDsmBZkurd2jko1Q","","","solana"
"400","","","","871489","","EgzPDZ3ySejVZ5NM9Cz34QLMWMoK2SYpbbtWv24wxSNK","99","USDC","paid","2025-09-03T07:49:17.967173Z","4imaQZVHiE6wUsMr5tNarqp2jujfJXWp2dNX6fujDwJ66aPzzP4pbC8nWzKwv6abKxp6Pcq3pwnzqyiuVa5gkUQe","","","solana"
"398","","","","634948","","HzBMMpftoBAeutxRMQpBTRC7CBtSgnQtiNyYzpRrppqw","99","USDC","paid","2025-09-02T05:25:42.761994Z","WJt6y6LUH5N19hEcY958NjWH2n6oY3WeFHi28Nx4672YFFDqmX13UBXw5nTx6BWcottf4NTa2zjpdUSAGJg8J23","","","solana"
"393","","","","845890","","7k8rP5aRaA56XPFGzNZJ9ctmqe6ke7EyhPMtsDUPJb2r","99","USDC","paid","2025-09-01T18:39:29.341094Z","zgwNgGxymE9nFznw6QVzgag8Ci9aDCJZbBEAyV7sima7DjLHEgguRHfZQbp5hdWkXCA7bmxwPPi9kxe9PcbTfmg","","","solana"
"391","","","","134647","","3dwjp8XrZb3pWyV3cviW3ei4yZ5QvetBBZGKGpVS3y9c","99","USDC","paid","2025-08-31T21:11:03.184645Z","3ya3gDRpUk1FPAgfc6fSuAC4wYVKaKXQSNNQiAvPyTiPq71Eyh2xqpcH5G6ZnTxN5rdfYjb6j9JKuWK8gSYY5j7E","","","solana"
"390","","","","836802","","Crf13reQbbBiAGhFTdaYxxXgAWt6QBFZ7fb1ASm7H3Z5","99","USDC","paid","2025-08-31T11:50:50.040008Z","4UnnzowaMZp9WrudmxW6CzBTSHDg9yjZTzzfUxuYLt9SDsvMfD4LHoBvsDePERsPaEGtoBwPP9xQWm2GcMFqqHqk","","","solana"
"386","","","","801778","","GYx8RkAK6RZVazKjAans2Uq76AnqRy5YGd9CyTfRrmKQ","99","USDC","paid","2025-08-26T09:15:56.840033Z","4gqR91yNEntNHcDe5b1vqWTwiZKqB29pjdKM6kcNhYuZHfk8zKeQTHZUTdjkGjwLX5T4h3ZAGBDg2J2LRSDBgHFj","","","solana"
"385","","","","793760","","CSnji8YRBQ99gdx9fRfb4PJHVPzf5qwbFbi5nKFMT6cp","99","USDC","paid","2025-08-25T11:04:50.470352Z","2VPYZCVgzYZyFoCeWza3UuoqnT3652FUwqNta2YoztvuuNjMZxuNDq52fGoFtkkRMeQjXmRqf9iUjhZR4SjH3Ekb","","","solana"
"384","","","","793210","","8R6yBhFfcBHgSyCgbF45AjT4KaQRHSDUGxVe1fBU8UjN","99","USDC","paid","2025-08-25T09:37:30.488Z","3rzNUSiyvZLe5wrp5F1EBAvqpzBVhtkwScsNuNBooFUjS7FXcmQdqon7jFRMNKkathv6yNAjSAmwZWo4oSMQ3n1t","","","solana"
"383","","","","789381","","5yzJgvohiBCXfwfzLG2BZXJVGoYvLAH9GNdFwGjKdU4W","99","USDC","paid","2025-08-24T13:11:35.186958Z","5cQBRLpXpJYCB9FGu486Ckj4xWjU645rYtpcpTERHpSqNMCqxQBj3NyLc9cR6sb85dt73DMw5bD21odBPqL8px3v","","","solana"
"382","","","","9615","","B35vG4pLDfCVsHWpFAzHvr4eJD7zzCDJiVFyKAw7cFxe","99","USDC","paid","2025-08-24T08:59:20.361841Z","5Mvm9udbfVkKkKeFRWkAFJkCwNejkj5vc5wLUZkW7oReYcWRWNGK3p18YFnFcT2wsyNS6K1GUvzboGyjkQbqf3B8","","","solana"
"381","","","","448067","","ApXESX9Qt1VtBiZQBbJcFkUJ7MqfNtS7ruQPqpAiyqdD","99","USDC","paid","2025-08-23T09:41:21.215683Z","5EcH6LSt8HiyyP5yKYjkSKZMPpE756DFt99p65ej3qHGNgeiG5MFJibNuXuucF7CmudmEbYe4ujmcVvuw2fLv1aH","","","solana"
"380","","","","12988","","6uvJMqvSwzEEr6zRamTiso9RqpyqkXz73QkBxXoPmGZT","99","USDC","paid","2025-08-22T23:33:30.212958Z","gRgJfVUzUzeJ9TsRnmhdTaWPKJrMKi7hypF5aZRoSxdxz7d9VV1jzCJuypxs3Vze9B9ygiuoDsxSu7xkCSh1pEQ","","","solana"
"379","","","","134782","","BnhwMpnbFQ2bSdk8rEVe6PymMrowqWfkVf7srYicRx9Y","99","USDC","paid","2025-08-22T14:58:23.513663Z","34BMNCHUrSMZouxWYeZsx77L4ZCxR9oCLeckjccgfEfYSpz6ya3hfVo8zWFRdSScWmsLZpLqwvJ4rXos9gnf7JQz","","","solana"
"378","","","","780835","","B4ecZkDwsaHAA4ZDgiUn81RynhwJGHWTKt81LxUm5Dm5","99","USDC","paid","2025-08-22T10:37:06.074329Z","Q5f4P2ENxCQ5J8AqXwTxeryDGnZdirp4BRZzFmYLB4H3GhMPpnYvQREfcdvH5oufScdAQKChZxBPkZVcGax5fHV","","","solana"
"376","","","","86894","","DtivzZZ55Uz8anQwvbHvXL9ANY8Z856LmTq1DczNz4jX","99","USDC","paid","2025-08-21T08:19:57.763447Z","43gPk8MgoftV7uVCCxYSyoZLoLSX4tPVnp1z7Jb2YUrVMvB6cTioUzwGyzqcuv5enUbFi4Y8xBZmCah4RcUZrEDp","","","solana"
"375","","","","454189","","6HkWxryFYTBjFRTaikCs5gZYCkJ18SMBAKRfGSM6oaN7","99","USDC","paid","2025-08-21T07:55:28.352218Z","2QvbAxDjAwvvQED3pZ7uePZQAXQW1633x1ggbN4LrzZFvwuuBCWF9hTXRrHRaSCXw95LoRv5hZwyoitHWjKRw7uq","","","solana"
"374","","","","448355","","3WNwcxEWLyKg2SwFHMSJ3bSb3xSQbMUwatdoBcZUPHZe","99","USDC","paid","2025-08-21T03:29:30.259254Z","2v5vPzDarsbaWdCjbj3Ptz2ZDpm1Zri6wrzGgv8K8XH3MdDCcZiGHQmQUBDCWKds4TAxpBxHAVyGbQXDK94QJ3yK","","","solana"
"373","","","","448212","","2MWPk4RHdC8f75fjBNDMaBzrTrVccBqJ2hz3deYmMuws","99","USDC","paid","2025-08-21T02:53:26.997427Z","5qKzKzgL4zDiKHFWhCmrqfKwTPSWgTZzgNPsB8gN6dMaA8BpbrR7BDthaF2HEqnMaSqKFajcW8mhVZuBPf9YQjAH","","","solana"
"372","","","","477800","","GeKCbzFutCT1VTvVTNrfSErZNE7pskzfca6Jx1CkgFKM","99","USDC","paid","2025-08-21T02:19:29.566751Z","5qwAvqgufzmFKhCKddoqC7ZX7g6YMNp53wgCsYSHZ4e2howX7M3T89q7HuWJWNkJkvTUFYBiERD9b4SGiRb6VkGY","","","solana"
"371","","","","430227","","J26uuvyejWqMjiW7TerHBEX9R1L4MuCx1Cqsm9UVwwQo","99","USDC","paid","2025-08-21T02:17:02.595865Z","5T7eb7M8hnaK9k1H9z6PvAzyzjVqBB5BUxUutfbfN2Uurj4xV2kS5CBRqEe4ScWd23E8sDkKsjokFLkLDQsURgcp","","","solana"
"370","","","","467486","","34FwBVznT5vBRmLjHUon9TNpr6eoJveNGLzvUs9R4gRd","99","USDC","paid","2025-08-21T02:16:38.204363Z","5tzJvfPxuiLbKTSowS5EWT7VWZWMaiYiXAQaK6Rd8ep9tG4wKsgrnZdwEeaFq7VkzQN3aQLDcv4GndA5zHbZfCNJ","","","solana"
"369","","","","429907","","9ncKLbhtrs2qELRmb8HUeRfZ7crYYYwam5FZE2EeQ2HX","99","USDC","paid","2025-08-21T01:37:49.495154Z","55Qx3Qoizuo6SicUocBMJeA7PHfKPEi68DKX9r5Cy6FpAEicv8MC5pMCZgnNoomw32E3JvizCSTwtM41D4sozxLz","","","solana"
"367","","","","771375","","CXVFvw8gQBAdcLzQSprjAC98kPfYpSCdbb5w4RKtXu6C","99","USDC","paid","2025-08-20T14:02:01.639926Z","upqpKX9MMULZw4zd9eFtKnQ3igEfbxyPTCEsWm4h5QSRPphgv5DYJ3wo8S1YMgtvTSiLuLYNvESeASHtmbSFqfh","","","solana"
"366","","","","723728","","AYcJu7wMrNNiMNxBg91Utm37RFViMKXMNsJFfuJBjoKi","99","USDC","paid","2025-08-20T12:26:55.764156Z","29bk1Gtr2sneFVAMYz6NwPWXDFAgw2BN3suZWWUHVrcgyW3taxaPYkfe6LPoatp4BFEQiK2c6s7LCRhkZruLqewg","","","solana"
"365","","","","92224","","Cn85w6d11zLH8L2T28QG8xNgi8mzWbhCLentonzwjRbd","99","USDC","paid","2025-08-20T10:53:45.543622Z","bHMDcD8FFuHbBPZYzd5dBGHFfNXHkPQiww9jtMKbTo66yLTTXbpMEDR6M5pAKcXidhDhSVWwosipaE7aw1L3mFi","","","solana"
"364","","","","406917","","Ev1zz3ZDsrXJfMNdjMvyPoGgwiT1auFfda1cBAZQPEXu","99","USDC","paid","2025-08-20T09:09:16.555008Z","4zFALC8SrJyvacDUhXVb5ySiVtEAStQ12DjZ6KYRGp41DxzZfpHTJsXiGyqUGtGHWfQ4VegDn99KtFhCZJRQ2aM1","","","solana"
"363","","","","661006","","4Hr9o5aCyirh9DFUXVuNV4bwEV3h9ba5fwdtJuk8MiZJ","99","USDC","paid","2025-08-20T08:35:21.189124Z","5aoax21SVzN1JwboQbw3P6DVQJQkBpDX4wYit5hhEMqctTfFy52cmp7tJ6YBgzYDE53e4EX2GJca6auMPsTwZWDV","","","solana"
"362","","","","124915","","9kDwjCqqouRh4YFQNx91aZm45sA1ZiunyKntUbWjzjDP","99","USDC","paid","2025-08-20T08:20:39.695507Z","4QTVVLstpLVib1oFpDQkpTco8WpFnA5wWLLpxmV5Geny5eanWAeYZjiw8pNpMjAqwZk7Wakn56LdGzJWbLZoyWop","","","solana"
"359","","","","187136","","6ZMsCz5MNjs63oSWcSfMbYNUkyinYXCGkYDGyhshsmKs","99","USDC","paid","2025-08-17T04:07:21.874169Z","snpnZs79X9q6X4mM5mAr3ZdAECsSDLU3DXzcpbYEMn3YURqUP1WwACYKwsaBkZyw16cW1WCHZrqCz79FpmS1Jbc","","","solana"
"358","","","","727944","","4dMEeBSAnMAr7A5sspuA3oNQGxcUshsjZ4FWNBcH3RAe","99","USDC","paid","2025-08-16T21:49:12.493645Z","uQ9zmsqg4x6yDtLv5au2E5qZw2QC9USDwndwYJpMdg75DrzFnxuMa4u2N8DU6p3mrwKNER677h9TAewoA9wkR2H","","","solana"
"356","","","","531893","","E4QX7iMofpW8MKhbJcQk6VD5Xj8g8baf9ufA5TDA1zRg","99","USDC","paid","2025-08-16T03:36:31.540719Z","77iZEGw84v9tEc8zvdYFA2GdaQNEcvejunynJxKcLr4FjrKR75bGPeR4pdXJKoZcMTwbBobBufqYxwGwKY76Siv","","","solana"
"355","","","","753068","","ABMAfni1eDHVmJ2chqAghGyVRxqWEoimjiDRsx5LXafR","99","USDC","paid","2025-08-14T08:41:15.452028Z","5DtrfGJQszhRq7fRSbihEt5onRybZcLPEUf6px23HETzi3hChD2QvF9i5BFZBcvWuYb1zcq3tag3SoRKUEPnqkEy","","","solana"
"353","","","","753107","","EndRmdffKfTje9FTvgbgiwnjEsYQRVRbuPvaAEgVQwAU","99","USDC","paid","2025-08-14T05:40:32.238181Z","5F4yGfCGEEcwT6ogXuJvhwPey3EYPA9HcxKPPj9tJV48DGF9816rcoyw6jncyjSiG65FC9SvzJXcEQZUTM3M2AKC","","","solana"
"351","","","","72354","","CQz3LkCf9Pe4c3jLafWMZk35vCov8ZjqF5mYQfmmmjZo","99","USDC","paid","2025-08-13T21:34:15.101867Z","4vvUEaDgG8wBFqsuJTgwfuCjA1iVfyqfGXVq4M4vVWLyBQN5F4tpaY6XgD5tNZpFtpDvgjLc5PHbUoRmwUKBXU9Q","","","solana"
"349","","","","395007","","2Mjo6vMvFs4kVADqHHNaSCsLcdRv1hSDAKR7DY3odBcw","99","USDC","paid","2025-08-13T18:51:37.762209Z","5k2PBmZA5gNom195QUJ9xyTPBCFTvToXxR5444v3eCcWW47jEi3hwT3xbepdbr4jNxzupFQrKQf9XyWg4CmJGPtv","","","solana"
"348","","","","125567","","GApKmHLnJhipijxhaHkjZKPNTspeH7vBEkBGdTy5DMa9","99","USDC","paid","2025-08-13T13:52:22.151377Z","tM6KCcbXDkU7B8kvAB1QLdxUFhW3tgYtJpZKNTXC2iY3MvGBXsHJNGmPx2bE6ckC6VyAju7r8XZFc4nJS1V2SJ8","","","solana"
"347","","","","125566","","7cowhWpSYLAnQ4TR5tAK9L2h8gaN3TNQJ68Rb6MYWJMZ","99","USDC","paid","2025-08-13T13:52:16.701125Z","YwUoyC7thfbJjqrkzurDp3qXPUT4zvD2e31VReNrAfYxATUnxvEtYhtiUCUouuw2HdRtF7rGihgcZhxFzidUZAm","","","solana"
"346","","","","123966","","BCcR8VpKWe7gmiFpH5CJVKSYiVH1s3j9mdf25P4QgmMU","99","USDC","paid","2025-08-13T12:04:33.39717Z","52ohJXm6PjpTjo6k7Q8SZ3ofuhRWj1JNC2quZSSBSLvHLkuNCKPSWZHuDVgpbbyRdZE8xSsDHmfoWGzo8aewfoBQ","","","solana"
"345","","","","122028","","J3ehHojiKvhn5AgE5Kxcfym44tA4mKAwfQnj63vXoUyW","99","USDC","paid","2025-08-13T11:57:28.93708Z","2E42pScvTyAgj3LbvQ9g6BmMkPBu7BjfcyHA8QQjPjCpK9xwqsDneTCHreEdVHQ2sSfLwxjwgUFPYDU7EUW8F9y","","","solana"
"344","","","","121981","","D3TKNyd8dGWbRxrwssdEJuZwMx3WumomEPxkrviLe3MP","99","USDC","paid","2025-08-13T11:53:09.477199Z","W4bqUhQR4NTPdfDtRy3XoQxraeYnQxteH4TPocKctBNg4uTLP9QLNijw95r31JhbYnDWm7HetsxDDS9RFGxZNff","","","solana"
"343","","","","125387","","14W2RsNE9fCfHiaFr2L9jznwHwV7YenWCxUpmYsawGoC","99","USDC","paid","2025-08-13T08:59:51.367957Z","4ruDAu88Q6sppkSeAcjvuCT9Pb2qokmEnG1dqtX5NppkMgiGeVmDAVGXXRMSrfVvqm38FA5nLpwi2ko37DyD6ytJ","","","solana"
"342","","","","111773","","BpXCYF8y7E25NNVPGtQMWAmoDf3yq9PecByGQoG4rEaf","99","USDC","paid","2025-08-13T08:59:11.357687Z","GimA3EjRpsr7h3rtgrVw5MEJ2cBK6cNcwQ2R3dbcUkuFaWFcMTLgxECfHaxzouKuf9K7EMVUyjA5jwPm7raj4ke","","","solana"
"341","","","","111772","","BMKMky3d4YCcCb5Hp1ZrZ82A89at55jUpphRvsRA8bKz","99","USDC","paid","2025-08-13T08:59:10.894703Z","4joGF7v31mypinZPHZnmWU763kKwkTQUdWEXiEz1aR15PgbhAtuoLaZYVvy1STv7nKk6zJjAEg9L9LJDJDzqsFcy","","","solana"
"340","","","","112422","","EDmUWcv3aWrnBSS5QE99CBqppiRTswjzApkB2aJHXCms","99","USDC","paid","2025-08-13T08:09:12.43081Z","2QKeHBrBNWjajHxjE9XoZ46e31u921FejHkpcZYhxBu17ZUv8NCVkDbCAJSSoz5HzLvucf66pLkKCqAjw5J9cSbr","","","solana"
"339","","","","747148","","E3bE6nFdqptPiyzfCqP7PWVRt2TTiFt4m6zqhz7KyL79","99","USDC","paid","2025-08-13T00:43:28.620159Z","2RT3n5fWwvReSi54bN6nBNpJdZBdKnxynp6toHnjUMozw7oeQVp6en98zVoxqJScgZWtHQZQdE6M9Mjgud12558p","","","solana"
"337","","","","130555","","67HgQjTxW7Mu3jJs2aUqBiW5CzjA9knLAsGirXJo19N7","99","USDC","paid","2025-08-12T20:56:07.018066Z","4NeurH7MGcJhnkokj133EkxEz5kK85NNiHUvQabuCUufuKm5V1Syogi9R6eFfRLYyFmhMG4ESU3JRqrHCcA5D5oD","","","solana"
"336","","","","124955","","5XNrLu6hTHjrARzoZEpQnjA4qEue4zvqUBiYURpMJrKd","99","USDC","paid","2025-08-12T20:56:02.065008Z","4z3csfrTx3qRg7DpiykKCoLVVtex6G7EFvbeRpgf2dfCLKGG52KXUa1y6VCzdSwoKx7Svgvh5zZT9PKtokkxJv4j","","","solana"
"335","","","","130538","","2TPxb3tTMrSj1twk1ESEBFyCKFBBrUivJNoCfN1b2vZ3","99","USDC","paid","2025-08-12T19:25:50.819642Z","5ja41yjhWZVWZQW2qKZZbMAjM4rTF2yyhkVgtK5tvPFLNJYkZUzW97ZVdXEfTkiEZBFFThiRsthyX12uEX9BeBUK","","","solana"
"334","","","","132365","","2BkBVTfD4VPak3QLNLALZDjWgptE1US3FyG11eabZXu9","99","USDC","paid","2025-08-12T19:21:11.5305Z","2Nk9myHwDufdvzHJGEo83TYEAvCHqZrGZsxqpoDSBk1iD77zH5BimU48Rsjm7ChA3LkheBm6xj8RTgF8ZFcv2kYS","","","solana"
"333","","","","125085","","AD6ftaLcsKz77CywyrLx9udxHKjdkkCeeeykP5aj4Jkd","99","USDC","paid","2025-08-12T19:17:55.064076Z","S2XqaC6oaSGQMpLuRDrP4ZanW7oW1ps1YVjqJwDGX2jrmcJyTpr5LXT1ARqRpTg3Hr57jtdqTgBEoRYBzzxcngM","","","solana"
"332","","","","111984","","PkdW7tXaNQYTS5BdNCJy7q9t6BwSXTHFicVtDSpZcCJ","99","USDC","paid","2025-08-12T14:17:23.938048Z","2EWK6w7keZMZhYLMk1uorJmCf9VzAJW9SNrBkjYVFGCYdUYbaDjKoBi4LGywVENVrNVuUGU4R8CEszGrAzpk5YAp","","","solana"
"331","","","","111987","","Egk2G5Q67RXeuMSaXvwPgvhankJYg6BS7dAhw4CQqJEv","99","USDC","paid","2025-08-12T14:17:05.982653Z","41aadBEvesZtbS4Bq2WNpwFZVtaHojBPApS1pmg8qrighuRms3oAyCyB6VZk5dhEeBZa8Zu4ewHespjCm8KSoWYu","","","solana"
"330","","","","111938","","FgfoRYfsSvqccDPT9Qp4hZQDcgeAgYcFej9BSpTERrsg","99","USDC","paid","2025-08-12T14:15:54.400843Z","3GMofnbREiAfniwRasQa5ioXmpoBLR4XdHEHbBxUBed8GWtT27S1mMiL3Mh6xd5Ehd1aoQb2JowSENdBf32dTZh5","","","solana"
"329","","","","111856","","2GrmiA5qBxUs2MfKMiyXjWSv5qGAS9nTdg8FYQF8xYZ6","99","USDC","paid","2025-08-12T14:13:11.230176Z","3RqcwYhCxKXqYwW86gQuFuHWSBcNrD89pbPhS66wrTyxdNmwf86Yypt9HSzD31hzo7TeTf1J6EkJZAxshqM76dQR","","","solana"
"328","","","","118772","","6vRPC9SGmXW5ZqXng6nhLnsLoEPpYn5sJzM7VntZqGqY","99","USDC","paid","2025-08-12T14:11:27.58751Z","4Cod6WdnpUcRTL2iV2QRbsMp2oXKFqbDVmahpWNB1EFSvR8MYCiAwTfaNZscWfGxsVu9qwWMY4n8FVCzvMSVg9Dy","","","solana"
"327","","","","118774","","Gstyf9SfBxkpqTx3RLF7Tj6sw7JqUv6BR5eF3KY1DrYp","99","USDC","paid","2025-08-12T14:09:04.177835Z","4cCDbvX78bQ8prBLmq3LDsyuFXgdg7x8DGyNsbZk8LELpkbjEqpPJ6XYBtKTAZxBbHNdX6XFEjJ4njq8X8q6U8fp","","","solana"
"326","","","","109556","","F3CKq8MPYNoSt9Nj4RbWcomotLerNoQeZeXjFeUmsM8n","99","USDC","paid","2025-08-12T14:07:57.472048Z","4F6vfMce6onaZknQ3E5BHfDrFd1KCfn8uFPEsx1jXuYKJVt8uRzFL2a9pBBHptWpZVkDeDvuRrdm6Ly9XxUx95YW","","","solana"
"325","","","","109560","","AJoULiTtPyPPexMUEk9Dcn9ZJ5iSepyoa1YYDRBP6Bbh","99","USDC","paid","2025-08-12T13:50:22.770827Z","v88DYEnSmSmfCSH8aj7Uz2qabYa4krxgc6FkqqQAJtJxMVwgc12AMAa6pnzbx1jJnTJ4UybmPaWumQBjxTPUoXh","","","solana"
"324","","","","118770","","94V78pEfMDW8CAa1mcNrKs9PuT2jJbXGgDCsG2piZW7v","99","USDC","paid","2025-08-12T13:49:13.821125Z","654p1ZgVNd1GCGzqkWcz3F3gXXXyLJtih7hsyoiVJnjMDCdvwyA49iY5mbCuYkQSuMZEzbUhj4hevaKgrfF3ryfA","","","solana"
"323","","","","109563","","Fp674A1eXRPJQMRqbw8woEmFg3rXmnwBF5jBp7jf8XFz","99","USDC","paid","2025-08-12T13:46:55.876902Z","3Y5zsfsrvhbeWmq9vg2R3YWZSjqnH5guNXAF8j2vaRxjAEgc1X5YVoU2XwZXx439XYb6C68An8ty5Y9Nayfc7xXg","","","solana"
"322","","","","106391","","F3L8QzWD33eVzXSFDxVfuKDhp15NzeTULvZfVay7tynb","99","USDC","paid","2025-08-12T13:45:42.445176Z","4VhwLg4j1KRy9YgegnbMg5zSpJMEte6bYfoTkdQQaifBFuRccNVVsZY27babj4Hfd5dQz5kMwy1JNEmZ1Gyb6vq8","","","solana"
"321","","","","440548","","GbDeVAkuJx6kpUpvptBet1PTSZYegHqhwqL9G2xZniru","99","USDC","paid","2025-08-12T13:22:25.090192Z","5Avp5YqzPzdts8mc9gqCFKGBz2oL46QyuPTaTK1hir66kHA2QxHwUsDhjQEwJ7jKvUhd4hkTfZy3yMQvQPNSM7wc","","","solana"
"317","","","","719167","","3zffioGZtAA6Pm3yJe6H4YUUdVfqsSbSQJoBydQYGwZ4","99","USDC","paid","2025-08-07T14:55:03.161418Z","4fL4YBFsxJVyVe7cqhLvuxpvTjcVixFeWhtZ7nC8jWQ5x3KufG2ZNer1Z2isZALGen1gscDLdoJVkNjFhRtSYSdL","","","solana"
"316","","","","723729","","GK6QTrVitsqg4mFdtQ8SAZJX8SUxm9QytWB6TDTv2CUM","99","USDC","paid","2025-08-07T14:41:13.33478Z","j1dnF7ixAQo5rcnXr7R3RR2PZcq4NrmHfPHDWWtE4nx1YtvSjfhtTTn9M7XFzPsWTigwaMNKG7nWaK2wKTXk3Bd","","","solana"
"313","","","","411854","","5BWS7nGC7EAny1sRK4mrv7QndNEbT4ukZ4id52MoKLao","99","USDC","paid","2025-08-06T03:16:01.837021Z","58ncueSr5JpSFJn2zoDKi4xBnuw5bdUfAkfMyBacKbJjvsvXtR4PjHgWcdmRQ8J6EvMPbfUhgwVTQbhx4ief4Z8s","","","solana"
"311","","","","716969","","DEVh3Z3gKFn5GRJ5RxCzMB5TVkAWmaw4N1nPaU4v6BjQ","99","USDC","paid","2025-08-05T21:09:26.978868Z","5YKKo58kBi1G1xSdMyJEypBrmuSNKgmfjtn9QKwkzz2kG3WK15uu2e5NJtafBo27oLJYPWCM7DSELj86shG78Fvt","","","solana"
"310","","","","89147","","8jAwa3ykzR3TvY7KzcmnXQZ3m9mosUtBZxqxm6qrWZ3o","99","USDC","paid","2025-08-05T15:05:09.024281Z","ktTvXbM1d8rDWwdxYCGqA2sa5GdxRWX9LGB1qt5FXnzL2Gt8yJgcv5iSw2Jwbn8L1MzkT2ut1bfBHuFyDycVhbc","","","solana"
"309","","","","716095","","Ao8NHkfQMbRYHvyorjakUpeYDLYAEFJeCRUHkxp2MfXp","99","USDC","paid","2025-08-05T12:46:11.284316Z","2DfsgyyE6bxufWUnqjtoMXuHreDcCoh7933mtayRWrrAcZt6wcSBNAz5khg3n67ymCPm476EBs9TRzK6JxUrmNJj","","","solana"
"308","","","","41789","","7qdgEkW5u3tnwXPLQyrko6CAxJFNv7VMv1vqPeeti1Ts","99","USDC","paid","2025-08-05T11:06:48.398044Z","4hhJnaVYn7MCppqcXEZi9YVAjbAbhHU7D4degJ6dKDqe3YAEwFxpXPcURSXETGCgk5khk13daM9VACx9Y73NLnAe","","","solana"
"307","","","","715729","","uP9qPguVZu9qVW9M2jPfkzMtPwuVtaXWfawXBtoTN4t","99","USDC","paid","2025-08-05T10:34:12.080326Z","3dFWVZHfWETnAeAWrAhHBmymktZ4kymKG8eJ5Xkp2uEJJWAyFzejw8LHTCkNeDuDuAtTvy32vFtnWE5bt8pTr7nF","","","solana"
"306","","","","1353","","4bhtky5j51qUseQzBKp1j95gvSKX19zGxs57eXPUJeXM","99","USDC","paid","2025-08-05T09:04:55.832861Z","3tKrWvgTmKT2ufC5TJqjoBmdUWrrCYs4PAsTD5RZ3AKRkTxKd2hdUmmwcctaxBg2222ZBJo3KW9jTXgNQhyNyu1j","","","solana"
"305","","","","68317","","AKhwvUcFMEkrwdgoKvPYNuxCcmCFtzdVy5ArxTdD3XtJ","99","USDC","paid","2025-08-05T04:03:20.451104Z","57mhxG3GRGemB4bdcpX8MQJwtnuVBKBjAuGRuGd1j9db2gqqxc1zZsmXhviwxs8YaqyjJxw3XSn818vAp3y2QcBt","","","solana"
"301","","","","94436","","Bgwxwsa5dVpXCEdamoh753cLwzGEEqcRHoJMwPQ5fFg9","99","USDC","paid","2025-08-04T10:17:03.42041Z","3c2zB1t6czeDEp3HawbmT1yDQEm74TaBn3hryTfRSRojbD3bmWWoM8puxuPv1jdCwDFZcUJ1vfKKThT2SqqDmrY","","","solana"
"298","","","","81172","","6sf1SC553jzkfYsreSUEG9Pj38AYng8SJnH4fF1L8UNM","99","USDC","paid","2025-08-04T04:26:33.833649Z","5snnBq2WZfLiPN6qCmXAZgiWK6P26f3VrqJGk2QAXDzpdwqidRj8eDLKWR5r7huvNQVmyuAx9xNRbFQEdL9jEstA","","","solana"
"297","","","","165126","","92baZNCfjFXH8VTM9hddqWpoUsChUoyUW6uZVwGjurHz","99","USDC","paid","2025-08-03T15:53:02.218664Z","WuXjAcckL4TuVyNig9hiYYW9rAqHofA4sYB9r8qdUVZ9ZmCavr8dVPffmsMBk1fN9yREDz9MzDcdhc5XBRpXGHq","","","solana"
"296","","","","390169","","5wCo5kQqMEGJVnSE8bL5b1VQWTigS4JC15LyTeKVbLKd","99","USDC","paid","2025-08-03T02:25:40.229943Z","48rqJnasWELWny1jxyTc6m4ycBBkJKrRgDUhti7VF9vrNosiEVzJqkiCLU9h18wzLELb1VZxVpSpfvvnsToCrdZR","","","solana"
"293","","","","257040","","4whdDyxGYyAvyHh4Tf8LZXLXHZ93fh2P8yH3VaJbChCy","99","USDC","paid","2025-08-01T09:01:12.715407Z","3xYAzDLGxt6Mv6Hb5WCkSHzC5DhVgQXBZ96tzGc5Uy3Y3SdLZZFxLXvvDD5UkitmnNMPe5NPFqdS96bnSFRr7pib","","","solana"
"291","","","","219150","","AhKp1iWDEkJhA6q7yQWZv2Qd77WPjgzy7HbLmeg48BmS","99","USDC","paid","2025-07-31T20:57:48.789872Z","48HGd2W9ky83Jq4BP8biQTgGq7XbRnVLFo3G3eZNAktrW1kkAEv25DppdMgscPoWRobgmD7sW7Uu9VYRz4AGgbsC","","","solana"
"289","","","","685231","","8ZAKVijAMktTnH8nk5giDvkZnTG4Lon38UicG3yHH3vm","99","USDC","paid","2025-07-31T16:43:10.488305Z","47edieWVKUEUzK92mz51AESeYivxuXV6QCHe7QbCewC7rtJ6Z4dRCdSQL1qFyXECgifneNVtR2dSDoxfns1jnsFt","","","solana"
"288","","","","677225","","F6cTqEkFRMhL6eDtEg3DfMChVWjAKHQFoaVh1J3mSXVF","99","USDC","paid","2025-07-31T15:21:48.404552Z","23L1b5ZwBqzRB9uARSTfPAiP7TzUnhJu9TSRPNtaGQ7nr4r1PJFkd9xavMFNjeKGEJAGgN71w4ZvDC816xu7vfwH","","","solana"
"285","","","","617354","","Eq8Y7pyZbJ2AuKraSwDXkrj74hRoL91cnRiYvV7MctzR","99","USDC","paid","2025-07-31T11:55:49.767633Z","4bt4qjuRGLXq7hH7cJsrGriCJ9YLzqoF8fDeDEmc4edufbx1eHutdPoZbTr8hmaWkah758XPP6aFXrXdHRQvqimQ","","","solana"
"284","","","","617354","","Eq8Y7pyZbJ2AuKraSwDXkrj74hRoL91cnRiYvV7MctzR","99","USDC","paid","2025-07-31T11:55:46.357653Z","5MB51AorRAeRxEA4MumGZSGd2WrsfnoxhCirDVx2ETDicwS49zZSJ3z4PVXM1YxX5FSoWKAb8wxnLXGE8QuHmTpY","","","solana"
"283","","","","436870","","9uAs25JCARpd9BEe2NW7xx74ZjDiDKvceeWNMpUjyBc9","99","USDC","paid","2025-07-31T05:06:15.249156Z","31gexpXw47Tv9HkXeshwxDC5zLqvgtRJfjCezqjBK2xfeTQNh4J8KyYxvDQ3Y8m1dqqF8uPtgtNcNH6muguP8DCe","","","solana"
"278","","","","650506","","7Z7ThsXsvVKKJUVMdZsP72p8UTosvEKAHx3KuGPBgpJB","99","USDC","paid","2025-07-28T19:09:35.819348Z","576aNZ2rWZFUvcpR9VK3WGc1jPscpa8g129LMAKLDdfH18rg8P7MUZsp3pYFDsh4g8CyiP5LZjDPFrQJjFBUiZS8","","","solana"
"275","","","","112872","","3oYNskG8eDJEMvgYUYRxpCcxZ6ZP7Sw4f5MzBBfdFeAp","99","USDC","paid","2025-07-24T11:23:09.250933Z","5z5TqwtJ7HyqJVgJ5nY9gWHzb8ArzP17XDw7p2aYMH6kJNV3APiRY5eKPGbCxisVq9EiTSAkZWDDqKjHsiJJg2bm","","","solana"
"274","","","","599473","","Ajz2DjiGQzNGhdfDCGQguGKebU9URcpgtkYinBeFGLZm","99","USDC","paid","2025-07-23T23:08:38.602407Z","4ZyQ1Gfig1VbzvYYUgdNBCsRZRsxH9YSoXj36Zoobvi3b1VQaDnHJiSsaxucfd12Uub7wSdbEK5aHDhX6d2DbDU3","","","solana"
"271","","","","605548","","D27YLLBT6V7H7tCHyTCzr5B3GmYeBXFYNNTNVVgFXRAX","99","USDC","paid","2025-07-23T13:47:25.075278Z","3w97KKi1sRoz9Z5wxxNQ1W8AsjdWZNfJbKhLba1ZFixPjNx6TmPoAA3uk21tbLht97QycTV4H88zqHJQ126noTcQ","","","solana"
"270","","","","604795","","G5C85tk1omEyrpDJTF3bzsAQa7T6nAJiEok5uZZMAL9w","99","USDC","paid","2025-07-23T11:09:46.804438Z","2sngnvENKPRJp9DtG5Eb3VLcVAYutM1iF5rkR7Akpng1YAJBBshGeKh2WMTEv21yEqBHCRGGdGtTbXTcP2yqBd6D","","","solana"
"269","","","","518","","HRvFKiak42a5uXzV5xffbhqVrDhwRJqQFDsX3ULZYWqg","99","USDC","paid","2025-07-23T00:37:47.762927Z","3F2gdYQuiu5GvUD9DsYAKXQuSqBzBQuin8KadpJ42mPxn6K3itZ2hd1crXuHiJuuxwFcP3DRtK9qyAaBWPzG59yA","","","solana"
"266","","","","599041","","BpEJB9GJ9ie8XNfKUA8y8C8h97MenPsApcVjGjYGaqgH","99","USDC","paid","2025-07-22T17:38:25.820366Z","3JtiPyYnv6upKqwV94oaEkPoavsRQq99DBi8Jm1oKWdGQbv5aSwnc4c2vy1RkY1hThowbUcFXJvi5VREos3EKFWW","","","solana"
"262","","","","581234","","E4E4a9ss3e5BEf41NAnbrctxKfszjgeHgXfoPsARoq77","99","USDC","paid","2025-07-21T15:15:49.000058Z","q9XGWM61eahABJv59vZqKjeWgwi96B86FgfdSDaJYpbMdkshNJnnMTxZhYauSsG7sifmWLUR2SChd8CCXpXZEzE","","","solana"
"256","","","","112906","","BEJtZRRhmmRZc7en47tjKdqNMXKdhAeueb7Gu1iK9mam","99","USDC","paid","2025-07-19T11:15:56.941802Z","2mp8ZwmtCdHT2u8oQJt9h5cuLZ2vxiH2ctagt2mt9JFMFQrTcqgZxQE9CdT7EvGMte19bBd2BRCA9WrasXoHSfef","","","solana"
"252","","","","474846","","2P6LZEjjHx3suHB5TvBXquvpYEoVDg9dMSFT7Y98LGT3","99","USDC","paid","2025-07-18T12:28:28.114515Z","3KjbMwFwhRQQ8zwGhYKjoSm8aDDJhUeSVk3FS5YXipseXx8ZM5kk64wY5fcDHhAmWfqL31YFes8Q8VBCmvJS7e7N","","","solana"
"250","","","","456387","","y3vt1sBq1N6XuYyRJCALAStnCgE12sDMvRte4JSKCza","99","USDC","paid","2025-07-18T10:01:27.168681Z","DT8gmQSKH5QRY8ZsHMRJP2K7p4BJBv1SGuQdjyBatRUASschsMRaCmMK5qaQxZZkxTvwd7ygRAyPsBvh79y51wp","","","solana"
"248","","","","398071","","CLaZ2MCJWcpWzivpBmRi6tTYWsXoY3ZAya5K3GTZvMet","99","USDC","paid","2025-07-18T06:19:34.426964Z","2M2Uey1AteuXh25HYCW2VZgax93YizP5HAgJPkLoEuxY9TxS2B3M2KzfRxArAF8Zie54a4A2oMKk7ksPQpHCs6t7","","","solana"
"242","","","","423911","","HXcViXjj9vZhbknKEzwu45aBXZHJHbKV9u1m391Vx6pj","99","USDC","paid","2025-07-18T03:10:35.419644Z","xUHEd3fLK22SLkWPS5qUfcEuZEdnnehUhDBXPpAtcNH3xbsNPaS46eeuV5XNS7Zcn69JqEySCGrJeKrNFXbk26b","","","solana"
"241","","","","446973","","3WubdGembthxoPvZ585qCn2EnHoa5tXdFdr62sKJW1ie","99","USDC","paid","2025-07-18T01:07:34.307003Z","5urcmCFX6mSeM3rqk7Z4EuK6pzYaMWbHC3947jCWZvYUdCb3PyjAmpWCzxcBFJ2SppR2eppqdXWpC1mkWoDUrbZh","","","solana"
"240","","","","440693","","N6BBBVrEPsH8LU4BYnjpWZNP4r3djZF9u1rEQjyvisj","99","USDC","paid","2025-07-17T19:38:44.816921Z","3xBr4JtCa8QvEg5vAnhhNFC1xQC3SNURSizukiZcASidNfpvdmtJHjXBu7VEe2iz44Cb54RtdgSGbQTifjaKCHSh","","","solana"
"238","","","","159922","","6HhJTxwQpkZcYR65gNzp7MRY8myEB35ZnTDStUWUoPGe","99","USDC","paid","2025-07-17T08:49:33.194633Z","67rbTBpvregtJeYDfZh1WhEMgwp81FL4fTADd26wwBaVM4UCAvSYPcZQnVWEPQ6yjFsUBaT64JnPbpTQsUj2tZRP","","","solana"
"237","","","","414616","","Dsfzr3Uicu1iN6amFemD2whuW2BFQRWDuitbzgoKHCFb","99","USDC","paid","2025-07-17T08:44:08.924927Z","3XXzo2fArUa3RJSha7GPisGnYHTHpErJie97k58NJ1SxKX2yNTAzTGEjrUQupevpGvASLZXppaJRUZxgTtkg3NfJ","","","solana"
"236","","","","407322","","45g4wBUAUrPpw33mhieytqUjz7UJMe3YGwtg42qt35SU","99","USDC","paid","2025-07-17T08:32:08.680418Z","3EoDvNSfiq4qArr92yekk2dRJP7qsbr8or9ZFcDG9PJbGHBjYGDCGTQuSsuHdZDgfc5boaqWoChY7HgZBtWBMSgK","","","solana"
"235","","","","412958","","6zTsqPRGwDnXLvhM73f7msGgvKcXNRauMukBEHHrVSXN","99","USDC","paid","2025-07-17T07:30:56.496061Z","DL5whc5LDo2zVkTsTLU7Cnz2Gm5D9NrijQ8MSJeukNHeCZLMPmeBLAyUudeJ59g1H8XcRMKE63kctdT3gxxRsje","","","solana"
"234","","","","412405","","C1YLbnuaMwM54GPjFLHydPkKgWL6B129b5Pt6f21TTvD","99","USDC","paid","2025-07-17T07:27:43.485521Z","2DYEpLzk6D4fMT6JGtNKubJ4M5bxGtA9HmUvwhbWVwa3fRgyBxn9rHkH8fMw3qtQ4DhjyfvKiwbcGVNyqEsVC7FF","","","solana"
"233","","","","412189","","FcUsmg7M8xoPbCiqCcFeriEumQHsadevGBKWP7XCR9aD","99","USDC","paid","2025-07-17T06:51:52.481239Z","4b2AqC1qy8g4SLse4FVFD4ACRkfVQCvfrqMP4Dh5vEE6rrLDTgRtnthvMyih6BfCwJwvexKTmmrnxavqV4QV9iAW","","","solana"
"232","","","","411519","","CdeaZsfDsithV7gpEsxQYZU9EKHDgVCiuHcrEbF5Y8dv","99","USDC","paid","2025-07-17T06:35:54.76866Z","RLMoYhkc3grHSHKaY1Ab2Qzb6fad5ReugdH3ksjQvaxxSjm1yNzxPjZGib5zEzq3PnSFGPypn9dCArePxuaSqA6","","","solana"
"231","","","","115048","","Cu5wn6Xkw7exsEyi3UhfZSKvgBaBo8b7Txqqc8TAcS6F","99","USDC","paid","2025-07-17T05:09:21.272606Z","5VtFV5YFJ5Zqhi5i7K77gnZuB4e5yZHeePfRonGC9R2FLru3tvPeLTY6CX7CYfWEwusTGMeobpiRjsi1BN5HtncK","","","solana"
"229","","","","400237","","4U7HkQPT4omxYbYnLvMexvY2FvNQYrNe56i3WCs7Q3eJ","99","USDC","paid","2025-07-16T22:32:03.49915Z","4afwBAeSUG1YrMoHJieaXsTAyv3whQPGzP1rDLDYv1E5iK5Rbb1o8x7UvQN1V8Yd45nyV7KQmhrQLY1qVTVzkGjU","","","solana"
"228","","","","109741","","7UWB1rbM6EciNxxe4hS8vxsuGEb1wb8WA2y8N6zm54tW","99","USDC","paid","2025-07-16T20:53:16.961878Z","63J2mmtSzURPStz4H7tuMBa2hnQzVv6AoYVMaUVKXpfPRtSCzPm3gP4cLjxqHxAzfxu8XufciwQVPVGUCiqRrEda","","","solana"
"227","","","","399509","","3RzL8gQ92sGLpFJjkFXX2RXriN8g6kB74xm1L638KfMK","99","USDC","paid","2025-07-16T20:22:20.866198Z","3KMHG7k5n94jqaDzs88NRJuzmShxz8SmG3EYXd1u1CSpfDpPV1uiLEuPyjjLB91vmEujJ3EnbRnMUy6weK559hsQ","","","solana"
"226","","","","114038","","5kuPPvy5TqUjAFcy59YiKra51xwLBfephawGZnbjA5d8","99","USDC","paid","2025-07-16T20:17:46.610247Z","51o5y4uiyDViQEtdzSkLkwTYNN1FeSZbv5nbPgVGTiaY5aZZNtMumfGwLzbVbfcbjGcu92pNBSiKCsp2AgseV9Mw","","","solana"
"225","","","","114652","","HQ39vr5ijXu4k2S6ddGY2Mw3bX5DAiFi3QDipUr9n1FE","99","USDC","paid","2025-07-16T20:13:33.024277Z","3Bb6J3JGBc4FCjCBYGHqBFavcCEBotjYhbrwDezkJN6iqqpFSd8HDnjLcyqRZsjmhXUSkA59LfrDvfi3A7ADYiTb","","","solana"
"223","","","","112891","","4qxqmcQooJnqpMh2NR43gstVsSLuVf476rsi1JbvLHr7","99","USDC","paid","2025-07-16T10:48:00.94459Z","54gyboVxvVYKRDaVmdD8LiFc2QhUnB1e9xWLzsPQvugjcomkmzJmXvdMjwmDAH48hm9idPWwmkcpeuERCfCar9dZ","","","solana"
"222","","","","385599","","5oEekgVBo1DAphfFRnTAssZ4X7CFry7jwuR8vH4PmJmN","99","USDC","paid","2025-07-16T02:07:23.702766Z","P9hgL1yHveCZKTdVgogYdtqWeWjMRnChQhpMNukRrDHy7JwUyseWwpT63TR7nsF7pPt7XWek4GrKkA7BeTCK8A2","","","solana"
"221","","","","151279","","FLjE2wZ6Y5TR6F17HHEWPT5Py4sJcX9vfPe5uUStw9AB","99","USDC","paid","2025-07-15T22:46:38.791415Z","52ovgYK1fAnrJhuxSXRT9iNQNfxQ6FUUioWoxzzBMoS9QGcsVXrSmcQoVQMbhLnRAWHQX78Z5EHPJENdFDFRLARR","","","solana"
"220","","","","373657","","E39QPfhwdRmpdJHyBQWJ65iGDBxb7W5zcFJVhkzcgGBC","99","USDC","paid","2025-07-12T19:11:56.998915Z","49JnPJPMf5supY9aYu5pQXt4qAjbuAVuFBgz3kAfd4xSU2jvr8bNYSGqqtpsUQa94snjthkp97nodFTC2PTawdQ8","","","solana"
"219","","","","79750","","6r9M6PqXAT8PfrhGET1ZdCkCqLnbPTqGnwqb38XgVRsu","99","USDC","paid","2025-07-12T08:44:09.497436Z","4N3Jvtho71rjhFVNKQaxaQAtRhMrYsV1cg8PT3CY2SzGykn147kSVAkys746uaXVY6d9ssUdCjBaeZzjuFsTRcEA","","","solana"
"217","","","","318988","","5hDfpMir5maCQVgEvNbdCdCGC8Mc8P5ox4PCqxoFyDaD","99","USDC","paid","2025-07-04T10:20:03.443063Z","2LWN4YLg3f7aL5MJn3DAJVRprXuUjGPAnnLcydXndwJg2T4ULGdP2NYQsMwLbPuVNAVAjFXvUQJR3ctHk4XMLJVQ","","","solana"
"216","","","","100483","","GF6v57qyYMKFqu4Mqe3gDKZKBTWBbrEjSxLJuNzmiTnQ","99","USDC","paid","2025-07-04T08:11:08.331327Z","2wrBuYfEQQUUfFrghncvpLtSfn3tAn8je5re99G8kCZyWdyrwGdtWd92L5s12zrNrSunXUDTVrnwmHftcRYirLUd","","","solana"
"215","","","","318486","","624MPkWCC3h6dzcxPfetSXoewjx8kRoBTx7VwX2VhWV3","99","USDC","paid","2025-07-04T08:10:15.03127Z","4Tv5TeM3CrScaUnZwyNGD6AZyF4CvXYawXTdHXzyxxnJoaoMPYjfphZkBdgXh543cWfdrVz6iSK3pnKRkrRqstH","","","solana"
"214","","","","318484","","3mAVTPXLTs7JtV8VgWATq2xCLCCmfyNkx3guXpW2XGG3","99","USDC","paid","2025-07-04T08:08:55.484774Z","4nkWJ42XSmNKDsLXgW17XHeTs6oqdPfMVtjgQoRoBSa2kyZengggzXYULmMMNTxGc7dytHX63BA9fYsRwZmcUaRF","","","solana"
"213","","","","285136","","4PNxpq4kcKuBg6VvfPL2v9SZBiQnjv6CqaaTQ3SpiZsu","99","USDC","paid","2025-07-03T02:57:31.807204Z","5CMWo47Vr9xecuGUs1MXqVk1Um2HXhrPx1F6gxapYcdD4ZRTwXSPtNN1V9NZVyHUgwETtHXTTzzvLvTsPJTaKvn4","","","solana"
"212","","","","278153","","BPmnosXmATEnZB4Y1VY6ZbjgpusL4gvVtaoRYqNA5G5c","99","USDC","paid","2025-07-03T02:56:14.061194Z","HSj3MeEFQShgVJnS1xLHQgcfY75oZzQHafiDMcXWPJvmAWpra9ZpfKS1Vp9RQezmnbApfnLk6zKZMwNkJxZYFTz","","","solana"
"211","","","","290425","","Bnxa1FU4LFu8U4aZa8PGgL2wZhxsLgVQYqADkAiB4gtK","99","USDC","paid","2025-07-02T11:44:29.655812Z","5zYgnspxkRXzfDFqPpbVoK8iFYh57TBatzmpiStpBmizkrZuA9xmEz2AVp2TV1uhj9sPQEHRGzBvJUbQveKiW1ua","","","solana"
"210","","","","289215","","3fvKkqpCLdnCXKuREuEPhJEHFdSrnM8awDBLsDdo85y2","99","USDC","paid","2025-07-02T11:39:00.278588Z","3kusN6XSzdmqLyDNGDkhL2ZHwbEbunqoeph9UoFX51zfvVdrkJ4pxVtrtgtdwtkjkkAaF6zxHWp38kdzQw51EKNs","","","solana"
"209","","","","290166","","BKiD2DLiAqY7brAazWvMhTi2ub51RTTo1Wy6twqWxTHo","99","USDC","paid","2025-07-02T11:36:53.650232Z","3L46us2mGyeJTwF1herhR78ZUCyiwQvXtGQQePtP2z36pQ7Gf58Cj2FSx3GgxFQBTa2Km85metaTkpkDYJspJswm","","","solana"
"208","","","","289973","","9PMYsGTCbgdUi1A929ymWX7YgzH5s6xw66VfssqzKEon","99","USDC","paid","2025-07-02T11:30:33.362705Z","5RSNPHyHTyJBWdwWET8GjwHsgfVpWW1ZQPmzkZ5NdH1oyRBSMufd71dCTx8ztugxYBWhMrGe3Fwp9PZrfqdWiXcn","","","solana"
"207","","","","288948","","7kvAsU8iK266cdzcTVwBbYQDAtoEVHgmdufV6TAhGC3c","99","USDC","paid","2025-07-02T10:57:46.267281Z","66C6vHf5yHbXvDP1brJsBJzuJfDtBxD6LbxXKR7iBCxgFkcpwToApiJPwKe35J1HYA7BnwYCyfGX3ZBkAaMuKnBT","","","solana"
"206","","","","286782","","BGUuStzerKPwtaYwWwBV9qpEVWeEGrPAbLw2MfhRR17z","99","USDC","paid","2025-07-02T10:07:04.672155Z","46sVayPwjjWy8sgsHquDgYESiUuHUBUqATCyAag1EpVhRksAuMhvrDaRUFCUUi1hcJUoHdFqVUVz1WPEJEJXbrxP","","","solana"
"205","","","","284372","","F1kjHCsPpTuhGzHmo9gTupaiwUdMSmkQ3XgLEe5E3c79","99","USDC","paid","2025-07-02T09:16:59.784382Z","2pPDVXVz6hi1RARyrEPctujZq766EedEBQaeDyAKuZG6AZXzMZQ3Ek6HYeZcNrnuAKEDwPh1bXbU2PKj2PH94GXp","","","solana"
"204","","","","279802","","EwDzSMsvDN5xaaBa4ds8Qg45vSe69TiyqSBoH3QRJ23i","99","USDC","paid","2025-07-02T06:44:01.213999Z","2koBd3LCkLgkeDGFmMdwN4BAcffinRYBQLXmSppry2qVsaMbhftTEdqaattny8RWkki7NToDP7nSVa8yPpnfKjTq","","","solana"
"203","","","","278344","","5tQQAVtQzHZ4Y1fD5PV9pLM9HGUjYTK3S86Dr7pTia7f","99","USDC","paid","2025-07-02T05:58:33.560472Z","EaiBNeS8La5Ee44yVcXGhacgMT3yZkisH38dyabSqTAHQksLreWXP7RNeFixFbyz92RphRjmcYHoU2EzNW59Sd3","","","solana"
"202","","","","261182","","GW8VXqN8wKhZXVFyP6LTshc788NxvPDS4RVBHgBfKQos","99","USDC","paid","2025-07-01T13:44:38.634421Z","47qYDtK6nFEQoyUvUXcJosByrHswbKf5zgdgJFdkMmceizArN3vXfbFFHqL1eA6LTeiZyrsxgCkLYTkzCAwv7rBS","","","solana"
"201","","","","260693","","C86gph37VqjasEfwQy9AqnMyFCxorGyPQQURwrK5LfQ8","99","USDC","paid","2025-07-01T13:06:17.400648Z","5yBmcc13EiwsBmLbsBtUg5kKJtzrAGvfgkYAxh777rpD2pqp9nkt6dJhNunRCZtu7N3FRnzaYWyecboD4EC44wcy","","","solana"
"200","","","","99947","","2eYJSDWg2gEcebLHibQ6WtJBB2JAMhadsqHQ4yi86aGQ","99","USDC","paid","2025-07-01T12:36:08.203345Z","ysWdrSQy3VsVxbppBgeZPQozooWNqxdFgisJZcyqFej1p2FPCgKFkhAHzWZaUHwNMRXEKZ6BXXXszrAfA7khU2Q","","","solana"
"199","","","","258517","","8VzeqNAiCVK7VEoUSxeEzBdEtcEEVGzjebp7j5hQ66ES","99","USDC","paid","2025-07-01T09:45:45.914009Z","4WK7LDQHQacpa2rRxmLwqoZWA74kwvq3xqsGvQW4R9rBdafN7n5AuYT6TLu1KTwAJhxKhNtZjY9x29KYu8QNWnWb","","","solana"
"198","","","","100753","","45wewGthFmAcKiqNNKDHF4n8v4vcGXwVJSnzns9ceayu","99","USDC","paid","2025-07-01T08:58:09.03716Z","3o8z9ZRYz3P9R7VQh466tWHdGVDuEgMBfiMzYZoFMEftWiMaiHrAswkR9HVFjVKfxr492pe4zKdLTZLDETxwHGp5","","","solana"
"196","","","","253973","","2ygULxKGRnCtQk43BvNAgHtpoFhRrBWxEw89fmyGwRfZ","99","USDC","paid","2025-07-01T05:56:45.072151Z","61izLQctEyLbQoEKTiZ9KpYQJfiZZTzkAJdVP1PfWruSkW87Gvm1rTAvBr2csEcnWdt7pRpNn3L8xQStNzoX8YK","","","solana"
"195","","","","253347","","BssukEaZSoVjW95QK62tLP91wQgJmp7PE5hydNXKmeeh","99","USDC","paid","2025-07-01T05:25:23.469166Z","5PUA8XB4eos9cAEe3Cpr9vvn99dhLB9HLpBgnimAv2t5ow6A4rz2jwLefWMLeeQnSpWA4BnkBcNfWDzTj6C374Qw","","","solana"
"194","","","","252667","","8KruoNzf8gZPho5oz8SXjxLk9kL46PZs9NG2EvSXtik9","99","USDC","paid","2025-07-01T05:03:55.950016Z","4mzb4GvKqEszBtyQjdVwdWHJHG393FMN2zDy985GicQdJaGSZFLcyjvaJ2mg3StNyVtsBc6zEkTwfRTL1vPEfRJF","","","solana"
"193","","","","100270","","A8gxjkcZBVXCnLaasGbS8pk3XrZCseph2tRstWMdzrRo","99","USDC","paid","2025-07-01T04:47:53.349556Z","5qUBbicoQR6JULCy91Bprtabk5qCA5sjGd5B3gXEZC4d5ppniqsoqxozoQGct4DmB5YJXDesotek1nGmSPZ9Wzgn","","","solana"
"192","","","","2467","","9MmgUiAx7T4iHXzvMvvfH4uRi4qjzD9HUi42yc1JmcJN","99","USDC","paid","2025-07-01T04:16:06.81847Z","258z4au5g2sy1wnRobwCL7GhiFNBFqUGQyz2gSVvDJ8JshfJmPQFLnS6YcqaWUvg9i4CSg3iw1eZmDUaL7vZnrE4","","","solana"
"191","","","","3174","","9bzhn5hB1fq8Cj4cKh5t418BN4oUzg1kfwVX8ZvL1DaR","99","USDC","paid","2025-07-01T04:14:56.115773Z","2XkkJFQHwBAfExFYHW5SVjSddMnfrVZHBxiVGp6oEgbZoDZyXPMvcuntjFHJgsWUeNN5TtQrgGjkTfTUtRerEEsf","","","solana"
"190","","","","9905","","9dPSQ2KGyJgsPRsxet7ZoVhBJVo3k7Rr6FBSDnzHTV8t","99","USDC","paid","2025-07-01T04:00:28.598165Z","2kFT7shwC5zrkoGitNLqG9eb7JTWChATEegWcPLni4s66VLexKyPSiZmuox8XQiBJSW1iVJa3QeFGATXXPMVVfCC","","","solana"
"189","","","","109683","","GEXowvD3B1csNxq6xkKKyrC9xxoG6a3ATMTkPKjLBXn6","99","USDC","paid","2025-06-30T16:30:07.057426Z","uSpnLHyJY2mU9QSDskX5jjqVPuTpF9ubqmYSzfzDD2MUiUA5ZzXCvMveHAtJuK3uneCWKkS72TJJPpoytUBzqEt","","","solana"
"187","","","","114683","","CQEWzp22NRn1DWC4atJkXbidiBJPntaqrbdiXjU5GKmQ","99","USDC","paid","2025-06-30T13:32:22.474921Z","5mkgp6nKTfKZ253k4YofhtKCADSmEJBrEPLBpDGD6YP2LmLGFKB3wX2AtnJgksfQPGePZ3yPVWVuZ1Jp5TNKmen4","","","solana"
"186","","","","99881","","7zK4RFyCbb5qhBzPnLT5spaWFKiVCWk7JrvTkXALoYnR","99","USDC","paid","2025-06-30T12:42:48.072031Z","5kWw1EhvEkjAYpFyijD3h9pZfwCYBELsCd6co8GNd9uZGmQGxa3aPRCwUSUMa2HqH7nkmH8EJMF75aiQvKiRf9g6","","","solana"
"185","","","","109986","","8gEW228apybPBJek9cGg5bviE8JCjRWuPjPT7sbFGauf","99","USDC","paid","2025-06-30T10:35:03.075945Z","2b6x1N4BT8pd2Z61cLs4gW3Dmi3AK2U8H7QkvkvqM53EDPby64MmkF54cC7rwSg1o3kM5wScPVPrqspPw6HqXSet","","","solana"
"184","","","","107188","","7GFe69o2faYtN9zWAbt8mfM7U7tkDHpUDNEkguXxs1gv","99","USDC","paid","2025-06-30T10:14:38.793732Z","475d82yzqqs9YyVH3NUY8nanBwzfaTgHoZwj6PNUxpcap5PEX3wuduZZNUBzFc9xkHXXsX3BayqPRgJGUmkTpyDQ","","","solana"
"183","","","","99731","","2djvCpuj9FdyiEgxiBX3v6iGSuf5QrfnhMDLHtVGQmAV","99","USDC","paid","2025-06-30T10:04:38.402147Z","2EwpXESvpzi8hQZZkcKqBBxxMfY5JZN1FWtxhFRqetgLGxWXGBgCw6JVTzkE7AFJaQTKYhMipXGM4KYMCk3okHtU","","","solana"
"182","","","","224060","","Ej451xmUBaUTpmdor4huohqMMGPBSUhB2XpXNa8hhsga","99","USDC","paid","2025-06-30T09:23:10.090466Z","SyxJ9YxPh73FUrZazfrYK4tDA4g687ZNDkpvR11YGKP6ejQX7WX5DA2SK884Rrr9XD3hjwMiGa4EDmLJMPUqHFh","","","solana"
"181","","","","114010","","H92tsAD6gSCwpGBySVxoyML8TkyxrVfsi1nWTcZw8uKG","99","USDC","paid","2025-06-30T09:16:23.97171Z","4EA9WejBL9j7D4QseCczoPErW962a87ARytNyaiY9MmymdZWSrjDUoyCHjxatwRXw2tc356zraBEJvQwe1rUsKq7","","","solana"
"180","","","","100007","","92RPEDDnAarmpoujNQutGX4qwLHbJKC6Tqn9qtSSNQhE","99","USDC","paid","2025-06-30T08:37:20.356896Z","2oEFa2Q2P8aKYWaD3CksWwBfc7SnM9oMj4nSC5X8ttq26CtHKS3KsaoMffMr78NNLbfJ3WopWnh5ThLHqE5fS1Jn","","","solana"
"179","","","","227439","","2Fz17UYtLaLBPWbd73PajNn3ysSf6kV1AtuwwCeJgqkM","99","USDC","paid","2025-06-30T08:16:43.575666Z","yx5LGouTVh9rmSvAHkT5ZjJoReLnMEgsCvbxTBesj6fZouuGdatE4TrtSBS4TtPQ32nRe3FN7fUQKJQtrfDTEkg","","","solana"
"178","","","","221481","","GHXk3dAmxHCEvJVAMGpzABmunDWh37Utr3BzJAEMpdnB","99","USDC","paid","2025-06-29T19:32:05.757741Z","452Ht9uY7v2wKgef9KXkNkEgeutHnJUBgg6iavjwZLjdH3uJJ9qRerZMvPoB3kxGh83oNyVpNrQ28zrGXzvG2uAt","","","solana"
"177","","","","219915","","4ssocf1PSY5UNAizpJa7ehisrosWDSs7p7ocQQS6WT5t","99","USDC","paid","2025-06-29T15:59:33.66626Z","34FBaSmaNJ6zW6h4Lcvz4zfKRVHt8Rw4DWo5MjFz2v1kZ63jQbEkCtUt5XjMe5m74VH1zsdzzm2gEVQvLThZMHWL","","","solana"
"176","","","","219552","","C6seR1WtfatGvzGnRfoHL8GfWssEL5ApG24kuTdzjkmy","99","USDC","paid","2025-06-29T15:27:09.702088Z","3u37xrjqjbvsb4PbVusmCiVwm5uUmw4Nx94ghmoySonDLPYtULRo448RpnWx9VgBqP4TmwDWKT5zEyS1htQbszzH","","","solana"
"175","","","","219311","","8nbQ1Ttiok5Ck61dxDdhBvhfXbgpa4d7NWkJFZEREoHA","99","USDC","paid","2025-06-29T14:31:09.846243Z","3mN4UedZgb6cwmEetYJBinvK14yY1YJGzdEmvF4n2NGxZwpoCe97V1oaM38B3Z221FTcha4DsY9h5KXbncs18B9t","","","solana"
"174","","","","219274","","GWnQWn3dboc8JUudvPB4vdJJRrPtFwu83TXTyKyEkHmr","99","USDC","paid","2025-06-29T14:19:58.029282Z","oJwVYRzJ9GhF8y5xt5bQnjbQxJm3Ta7Eq3okL4Fm4crNegP4Tq7PmYNsMvXPT3hVeBj6CX3REN9yBzFYXmm9zRE","","","solana"
"173","","","","219187","","8hRQ4R2ePRFr17GjFHmsb531Gvb3tsz1ESuMfvmW5LUf","99","USDC","paid","2025-06-29T14:17:03.025075Z","3Mtom79Rv4qTGZJ178N2wSC9HbVcwr6LZ4uo271b6crsi1zWjBZnw8oS5HB7XSdjF8aawyWLCgTEksxqut41QUTZ","","","solana"
"172","","","","210510","","AV3XW6a6r4Y9B527mvRW3dQF8aVRq9Be1zzRntVvkRRT","99","USDC","paid","2025-06-29T06:30:49.308353Z","NSxSi9n3qEzwFQzR5cvSvv3np9MvzPoFFmKoPuno1PXjHJn8NwWVtT7ome7BmPYABtx6e1bifNW4EuQ4WfQwLNx","","","solana"
"171","","","","210443","","ETpcwXTvLoj5fp8Ei6oQGzaNNm2ah7Nyj9VD1GQN7gco","99","USDC","paid","2025-06-29T05:52:20.358172Z","tJZojiYQLsUrAKXXKJhsSyN3gK6NsWJanLGyNnfDUfZBqzxBN61XcXE1jQsxW6w8chZe5X7L8DS3QLhDoUtmnZ4","","","solana"
"170","","","","207663","","73azorjRZWpbibr2FqvaPpRhwJFUH1YnJxCpUeDH7ruy","99","USDC","paid","2025-06-28T23:37:44.862427Z","3RRDUcggGW8pHsSEFd9ifAe8MYoxkB9NEdkkLJpiZLJs54w5PytjZczhH1CkkkEy68bF4so7QgzV3GAk6HgvBoN9","","","solana"
"169","","","","79762","","FrCNvpjzoXLfjNemmk7abqAAHkok7915UWYxZxHhGBmH","99","USDC","paid","2025-06-28T20:40:05.318195Z","2ir8JNkd17QtJ5RWGif2CoyrxqmzxfNiham66exfibAK3FSBDgXKcvyzgXdHt9nq94W7k1gT9Ae9BHCAnFqxCf3T","","","solana"
"168","","","","110078","","3emGYm4pCyPfJK8Azvm6DGq6VpgPu2hNLjS4ub4SqbC1","99","USDC","paid","2025-06-28T19:15:20.951486Z","4wHiZDjsJRvuTVu8Ghh2eDRwzqBvxLQ6UNCZZDP4xVi7dZ2tLLFQRBFcYgh61fXiog6ZCWQsVPC1mSZVR7qvse1n","","","solana"
"167","","","","206609","","4DGF2G5hD1e8YVbQq84P27CMp2x2VNbWs5issFCnRmLL","99","USDC","paid","2025-06-28T15:32:32.913282Z","5EHozwPfAp3pAfwCimNbbLoTAzQonVW5NASRfLPycD6jonknFte1bma2YqqNjUBWMEQhBdgSDJY8FHbXGtN9Dptd","","","solana"
"166","","","","204334","","D2YVEMWD475YEeWYXRtMQ5RaHquW3cmeGUBu6mek1ZjP","99","USDC","paid","2025-06-28T03:53:03.577682Z","3Q7EoyrbHY5bsxAE2veJ3Y3te1fqMmnmZ8xJb6WNApLMtPgTZnA33bJVUKFpEkY9DkvfpRij9LUpViAPJGhqiCNG","","","solana"
"165","","","","204116","","9dUSpSYAGEgKCeNYoMnaC54HKy6SgjYCxgHxyA7NcffT","99","USDC","paid","2025-06-28T02:31:08.403576Z","2XYkRB4bFH6TUqkJFmMhYLq4F3D5i9nPzVsjdHq9FXd5oYTpQ2VPsvayNcqzRE1GiEmFE5vbDetWeMtNHJLshTyv","","","solana"
"164","","","","203802","","E2hX7Z2H8jqpjpB95nuZN4r2hJXBSECvZY9udeaw1T7S","99","USDC","paid","2025-06-28T01:24:36.208315Z","4mcKLVtySRb6HA6PTYF53C7PsUGmCXC1aNuhfVgyT3W5UVXnW6Y1XhWRKQ6hUk91eHpKYhcWvHVLducw1js8buYq","","","solana"
"163","","","","203692","","bxAAYaBjSCUeMrcTJrcpDZjU8gB7x8v8d22bCbT8nzF","99","USDC","paid","2025-06-28T00:06:22.486311Z","5ZH3TW4Ne2GDjH92yfkozADw4Ljoj7UmU6t5mU6gD6GLg3gnRskqdUvpbhSYYRg5JhVwjCucoVT8aVwkbetisM8f","","","solana"
"162","","","","203691","","Ab4DjWYJnts5ccCvZRPDmrhujWFqquxUQxXriSttWkLm","99","USDC","paid","2025-06-27T23:51:29.272874Z","YLXfQcZQiRUKrFtcgECZuCtkSvrCtYxNVYs3dnoRwRmzCHsNRKHq14i3pCfxdqTr1J3dy15HbjWHzMKUr5L8xSQ","","","solana"
"161","","","","203428","","EUohZ7CMpLjKj4JAZvQmMjBNk58aY3fsafCJxCMV91Da","99","USDC","paid","2025-06-27T19:48:30.246959Z","6SqvA8BXRcLdxbpK3aRkHm7PMrQyAAFVLKUZTpF4LNx2FrzQCDsf5UpwqJitV9USzgBXRw4orZ5eadaktgB8KKD","","","solana"
"160","","","","79650","","6jXyN1F6NnUFBxnPT5eExwtDYLF6Wq1tpw9wuJ9gf5HL","99","USDC","paid","2025-06-27T19:27:44.374722Z","4CqJN8ToT3s21hZSGznSHwVKYnZj1Vh8znvcxDNKNhz8noM5EoST4uX8jWfwWeYZEJFdMhBg3dM6iqgLhBBRsduT","","","solana"
"159","","","","203427","","8VmMhdSkaN8Gk2fNFi2nePoCri99haKDZCAZHpc36hH3","99","USDC","paid","2025-06-27T19:26:15.205746Z","2h7vQteStids2SSVHTjYS3FSvDu6X6LTsU2b3StU65pDMaDS2nzkv8XJBT3ZoohuJQ7m4r5eUvxPpvKnXsAtfk4D","","","solana"
"158","","","","203006","","5R1iJsxzt12xZ3FvgZoGz58gC91uYiseTrJX1QsZGGWJ","99","USDC","paid","2025-06-27T15:32:59.234191Z","SHFgLGwPwwsq5T9PDBE7HSe5rvMu9gkmNwLbitGm3YDJuW2hjKtumdTH8k2iq24gPRtdYTWwACPWMBGkX3JfjSq","","","solana"
"157","","","","120192","","5Cg1EZTsLD7XSMnjCDSi9tATeAwWoWVgxPo8hKu4gFei","99","USDC","paid","2025-06-27T02:40:51.078468Z","5VH8sFcvkseY6icaSyYw9prFe3aJcSG422nBmLiJbcwAo6WBeUgFNbYXd9jAd5SY3k6s71JuFbtNwFY1B2UtJMFT","","","solana"
"156","","","","198677","","9NroQ9TeX4oHXJ2P5yKtmyZ4c9zCiXoRDBexa4S7ARsF","99","USDC","paid","2025-06-26T20:19:54.145961Z","3fBcoheSaZ9cZj2mLGCX5PrJ29B3tTaWbGeJALhhu4KwVENKxnCbx9kFYxNhou7JiincBdMvxhKogsJ6kkZPwBeo","","","solana"
"155","","","","125452","","62Jeo5QpikW3ARMxep3BFwS27FEU7G2Q5Wb5yRBb4dhn","99","USDC","paid","2025-06-26T20:07:32.140374Z","5jNtbLY7Jd5CYAbbeP7Pzuo9eQmPCp86f5putCCmaGiiQ4d4ZFaQs81ERXPEYEQ22atjBkQYGVCjJ2VRB3GAaBJn","","","solana"
"154","","","","198052","","2zcEDht2nWA5ACy61PWvcSzS9FFGG34taS4L67v6Fdx6","99","USDC","paid","2025-06-26T16:30:21.359863Z","2oxAdnw8SUCFowvTrMEoZTZC9Ax7VEP5XpHz3fM5VgvX5vAjmY7JCFz8YKXiVKdhwiXinCR545vxDJVefr3HTK7","","","solana"
"152","","","","62637","","A1fTnh7fDrS4EHeU99e6q2nZJwQs7q4TbBvFrSa6g689","99","USDC","paid","2025-06-26T14:56:03.962098Z","3hVbferTWiZzCxX3LjQtEdUb3PTrJK8b1mZAvBgN39CyBdcr84BxjDDjoTr883Ak9XaDxbVc8ygpm4P3PApXH7vg","","","solana"
"150","","","","4081","","HyYqpqokaWc3YpfHCyfttS2FjWGk6msywBHW1q7D8Cnk","99","USDC","paid","2025-06-25T22:55:13.813178Z","4zjunX2DdjqR1Aj3iHWkoiaib1wPf7XLB2dMHMK27yZEppFvULBs2TSvyWhbb9wXPBsesD5M14ZvVNQKfs7BnUs1","","","solana"
"147","","","","180705","","AG9XGGY4WRxpKT7pQLvxsQe6PYQKHaT1Hz6Z59HsfTJ","99","USDC","paid","2025-06-24T10:53:10.741161Z","4L1ZgCcyxqxHLnki4UryHxijyriuxG9amRFZQ7wFdbHWfQab6tuAEFgYQa2SNPLhj1ZQBG1Q3754EdTafAWbFjLW","","","solana"
"146","","","","72810","","2D4RiHgpL45ysPhRWo3YPKz7LCjazk1bxtNFTPBgmmzW","99","USDC","paid","2025-06-23T14:47:50.80903Z","2dv4vJfNivejQSQ9tHbC7txELRMR8UCom1CAeJFGspWJiSYpBj3hSFz2GSArgoDrqY93m4rZWc6Z8K5cqqQXuXGA","","","solana"
"144","","","","136989","","EW2GDVBdBz9UrV8k6NE93ky4KksqL7s6hcfuANRDuBPz","99","USDC","paid","2025-06-22T08:46:38.706536Z","4opDMK1pBXdTxoXMQjhJkpTBkbjQxRsp7mxWR6qUNJ5Vi3ScsacZ3pjaAWkzySZzzU8pBLCdj4CDVworiGyQFZCp","","","solana"
"140","","","","148035","","B9EitFVjCWQu8LPVwHvysysysawEwzPLERsYhnzcRTcr","99","USDC","paid","2025-06-21T16:41:17.53665Z","JGAot1vdZwLPrpkrjv1rZqd5MazPMcsDWC75EX4cbrjCCE8zYpY2jSjot9s1KXxFDXFHZtTSiTtf799YNxRXNWm","","","solana"
"139","","","","134247","","Fxm5648aURkYtBTdFvJf88aSkvtBmKoj5VjMEihVtpve","99","USDC","paid","2025-06-21T14:11:32.789853Z","49RQPXttf6oAn7zPRDQS6FT3G7tCtLAPotgwUPPbze9BnDmQNeKnZ6FqEjxxvxspSwugA7ePCS9T5gPv9XsAn6E3","","","solana"
"132","","","","25586","","62o2HeJNT5NU4SZYgbye6pda1hJWyxMf2xFsSXFHsB92","99","USDC","paid","2025-06-19T01:38:20.366464Z","3Yfvf3oacuAG5cYhfirzEWSnYG9iEvPRMckgayimZYhPzPuNGUAoJU2FE2rADnYzVoGXMdqtSU6zGA4RBQughaoB","","","solana"
"130","","","","3744","","H4xf2qL2KykjFo8r9GE1ZYk99TdvbNpVKXQdyrxp1Mdb","99","USDC","paid","2025-06-18T20:29:14.473417Z","4HkBRXTcGPGAU7qS5R4t6W6FiNzdrJ4bwTbt5RbN5xxQi3qLgKrmsS2sBK8kNwYDG5RaR6wCBvLfEbKK6Mk69EFX","","","solana"
"129","","","","3932","","56Ggt7FV9vEdRyHmfkDug6z3WkDcNGkEEcArdASJYvxF","99","USDC","paid","2025-06-18T20:24:08.817431Z","4ko4ycU2B5RoCihcRWE1eg2aVLDJpBqXx1wM6cDKZB2z2AKijSLQqaEY8AQ7k3ZheuEkLDg1reGZcwsmZsmFduAp","","","solana"
"128","","","","111536","","C64Aj8t4ogXtr52f5eLSRVYi8B8N4kEFWJcTGx7YPSxj","99","USDC","paid","2025-06-18T20:01:57.613933Z","46ey3H553ZYq1D4Lk8KaJhHRxReiSSehm18nCcQgZr1RNu3og7NdLxwLsX5VRdwqzK9nPfrVhk5ZptWYfiF64kd9","","","solana"
"127","","","","112251","","EyQgXsGdNcyqnPZwr3eFiQ9R7FahQxTR4VrBKemFD1Nd","99","USDC","paid","2025-06-18T19:10:22.047038Z","6hpwtcgdXa3274s3H9kEw5EBAy6pYwwNXKx36rC4DMHsRS8p7SEbPX9H7ctV5mcZFqCVRU5n8cyyvf3WzShbUEP","","","solana"
"126","","","","74843","","Bwiq1sjRa5AwiqqSYEHtBw3nfGw2agjNDKFaT5kRAwg9","99","USDC","paid","2025-06-18T19:08:57.383917Z","4tqAD1E17XEHvJrAnAccCYiQhshLYRWCtPAeMCznKmu68LuNLcSSuTpGQsd7FFZm8emZP67tv16Vag2Ehhh8aGFj","","","solana"
"125","","","","112294","","GxDmT3C72jbM3gSi3Q57ZuoPF3BmnMAdQPvX4SJjWNqy","99","USDC","paid","2025-06-18T19:00:58.864448Z","4FBHhCR2iEqCQohjSmaawM4D6JHzeNjJQUJoCTJghgcAMvdeqy4dY6uKXnitET4PpFwvbi6ZNwd7L2abQ48CvEoo","","","solana"
"124","","","","104525","","AWZT6Y4Pa3Bt2jKH7hCSXWkP3zSjTYrNMcFCc8ZSmYAP","99","USDC","paid","2025-06-18T14:09:16.155706Z","3QeqoQsWosYTabF5RrdZCAkKUzJh584o2c1FeLvQ8wYCNBtxWPjhbj3r6TnwkSDZsR5yZn4XQPAja8Q6UsECFCaA","","","solana"
"122","","","","101291","","4JTdwsry41eDJJ1CSg81K9p6vToyZkvm9aKLQjBUxS3K","99","USDC","paid","2025-06-18T12:07:31.709176Z","QcZnFBns7XWwsU1YaSfpgZQNwcs62DxBNA24RiMUvFmZkidSjqZurm5DJBKKBi53L3FKntAjgK2vyk3V5fkhBgV","","","solana"
"121","","","","45940","","6P3eeXQn3u1Yb5CM4qZrvG684E1Xy7dzitfZe5hcmNRr","99","USDC","paid","2025-06-18T11:46:49.606531Z","tnt6bWH9jXoWZkcmj9Sgw6XRbkmPLSAr1gx4XFtYqEvNDSqvi2mDvvL1EGDUvBQ1pJnEn2Qfe3urXDGxWduGeXx","","","solana"
"120","","","","101504","","Ay7pVQMhVCRgn8NFsD1gudg3WUfrq2wuXs8U9nCRAwwx","99","USDC","paid","2025-06-18T11:04:56.432832Z","33JsyQoeHWjUAMPinhrby1n9PjxkvFevxY5WqpbLFV7Thbrj2dTMeQMgLS54w6ET4gjwiHxyt9KPZ97vNAh4YkAi","","","solana"
"119","","","","100597","","FcaVSso6ihvfsQTcMNhygFTfc8wcigwDFZo333kNW3x8","99","USDC","paid","2025-06-18T10:44:51.167237Z","2mnPAcgbWr4uS8HjhoRcAy7ShxMsZGP3D9aD7Xa2vLJZDRsMcLYfRqj1rWbuKbmxeNctjsS9k8PU2kmCeijCmiMr","","","solana"
"118","","","","88450","","C1eovffuwgourA1Z9MBHhApLNahXfnrwVEP12JcMC9PV","99","USDC","paid","2025-06-18T10:31:36.666725Z","5AL4YF4CJhapuixNEawPRjn97cQE5mbokethrsPHXdtMQYjLFmvPz963BiWCdLDTnMs4B75YqH9erXzT43fRcyQz","","","solana"
"117","","","","99053","","6ymKRo3wqKG6VwuU8NgCJqdrekTZNhjt1ZH7Ud6gfgbS","99","USDC","paid","2025-06-18T10:23:10.394825Z","2sgAfSdohUtoQszCTiRpxoR9X2qWSgQFE1eewHW462MhDjKAKYo3fTpUDSLJF58d5BDTeEwAmn8eNjvASbQGmQjJ","","","solana"
"113","","","","65751","","7JnT19is88NPpVSwQqgAmZWpSMJwf2x6Tn1XsgbtfDUw","99","USDC","paid","2025-06-18T07:31:15.373289Z","5wNUFf3FKBAep2eCyojjFXx7J7jNbhpGsUVvbr7k2usg6u5hbR3qvWt8cpr7fTpmCNswtc6s89v8SZWfgLVPYzEX","","","solana"
"111","","","","3535","","EEZXn5bT6ZBsrY68iFgUZ7aACXjWZ418Y5BsR3hg9YA","99","USDC","paid","2025-06-18T06:35:20.347087Z","4zowZtWb4G2qKPjF46J9WUtJooA8kEM89BGbqp5kzLreoEoUofrsdhyzNuqAAoy1jFA3XZFQaHS9ZC4okWoBkMiP","","","solana"
"108","","","","82619","","EcaVBqHG6S8cvi5EPy3TxMU6TrqcoQJGjejuyHHVUvKY","99","USDC","paid","2025-06-18T06:07:03.557614Z","4KMEZxe88dZ7x3ngm29Wc3LJASwKaj2yLEqxJdHZK43Jdb8JrUCBiGvAai6jjPnjTTahGRtvMqKzyu5tKTip4vA7","","","solana"
"106","","","","86179","","887snqZ7FTPT5DXyRbqmrLYqo96PLFStSMNvNwG776Ba","99","USDC","paid","2025-06-18T04:54:28.623423Z","3RuyGeeFg61EgKGArVGdhznPvG4EdfTZHi8ECTiF8WRY4fKhRvkFLyXmuKiYoC9VGCnhputoQWri4GX2Bz8FnkeE","","","solana"
"105","","","","86051","","GaBDbQ6ABfaeFPjV51QSFQzinZxniRc5cRWbUdUAyLM2","99","USDC","paid","2025-06-18T04:42:40.983646Z","4vzk7poPsa4s5RjbkY7e3eUxUuSanJKQFX7La1YFpjMpviXPw7dWcT584s1Da1S7eLhcvLo92VfALBqFoZcms7yG","","","solana"
"104","","","","20695","","39WTBwxYKvg6JkYeccFMccHEXD84rN4BPs5a7ja8KppR","99","USDC","paid","2025-06-18T04:36:30.233039Z","39E2KQX9JG7PaCUHJ6FnNMCAWacQptT1AiF5XRqWTNvF9JziJ7eNCL5cVzPd4z971jijKQCGoYcFcy8F7LzSG6PK","","","solana"
"103","","","","84523","","BzuPJLF24qugpUU8ekgXsiZytJt8GbFPok2etZgvAnrL","99","USDC","paid","2025-06-18T03:28:10.607801Z","3G44byjKJkyNBRtEbtMxS7Rhc6UmmCWsaqb7hVFnxYVay9iq3uyoxHXyfkHthmLUq5MGqtjkBPqV29PXMuo3BqP","","","solana"
"102","","","","48525","","8B5hi5887py2kJ8DiSv8bnmNuSDo2adf3fCVM1WxYfkb","99","USDC","paid","2025-06-18T03:14:23.461934Z","4wrwmhXgCaAXFgufZZdRJTRWMH5KPVDYkbHFZt19DUFL21jRbsaFLNjzetVrtm6Lg67NmV6MTJBcyVzFtictM7Kq","","","solana"
"101","","","","81544","","D3e5BpnRDNy33QRHegWZo76Puv3py97pLJHV8gg8er63","99","USDC","paid","2025-06-18T02:05:01.19675Z","42y7G6jpfr1Z1DSCmxU9NPFVHghcDP52Eb7tH1qyZNNJ4V8nkdJn7wqktQjoDkdD9z6H46ULLjpKbXnEmnB9BKky","","","solana"
"100","","","","11301","","CVckKXAEJmr78gjiDqQBTjXavbWXfgycyN8kXG22M2rD","99","USDC","paid","2025-06-18T00:42:57.38951Z","uy4bBiqhzoB7vxyZs6NKRCb5GTp62pK6a3odhwsw5eGWDhEuCLko5SkmoH2zQcYqNpW3R1WL7viha568w8SL8zt","","","solana"
"97","","","","75565","","EY33QU3C31U6qudP9k3KZ2cyENoXRPJuWTzXtSAETYBU","99","USDC","paid","2025-06-17T22:31:12.814152Z","3pJBm9PLGFS7twh523VtTTCTQ9UwzmDSYgcuzvtBi3MqPm3MBok3ZzYGh2JmTnWoEg2NU8C4hLCkw1QcQV9BDCoA","","","solana"
"96","","","","79245","","G6DYm7sgJ9SwzsGczWFQQwccZVcEhj8twNkp8pdaMVP3","99","USDC","paid","2025-06-17T22:25:31.852974Z","5XHmoVPD8CTi8ayRY8ped6UXmHCAfW7QhT9DbnjvKzgcK64f4yXsZjAXwVkgTMMyM8jdwAtNvx4xiVT7Zmo8LJir","","","solana"
"94","","","","71616","","4ESygi1Cdi8WsriGf2J4sta3zANS84YqpDcemhj7JNAR","99","USDC","paid","2025-06-17T20:38:31.053461Z","tkz2zrJU3rism9RGrEQHGq8mwuPkjWumdjfv1obNYmV8V6v3xTsfg8iczEcND32arMJxrgmWcbkLDipoipD8mQp","","","solana"
"92","","","","26401","","o1BScvsaFip3S5m53hmVnBrkHKsx1T4LVZheDQgUECV","99","USDC","paid","2025-06-17T20:15:37.664546Z","3w1CZi3HH8tXKNGFAAcqo5Qmo54EiBfEfj4JJNKtDMPUMKo45YQPKjFvaZVY3dwTZPipzPMF5HPo8XFxXhpv4VXX","","","solana"
"90","","","","72628","","BFJmHDwnQkX9eiCodp6HZLasvxVD2fDfeiwBv3GTdZnf","99","USDC","paid","2025-06-17T18:46:09.693765Z","61iaRN9WBhXbnekESWsme7Bk7EyHE6qH7giRz91EEEQXMa91foApSF7R3KFpXV3w8ELWBZweM5YyTuxtM3GaQTfv","","","solana"
"87","","","","3403","","EZDPBWfZFXxzN6p1hTd767WM3SYibKZ7b76RCBAzwbZS","99","USDC","paid","2025-06-17T00:18:44.509589Z","bEdszTafWo97qysbVtmuuDiUwP1T4tU4j17o6YaEBBxqi6bkvttPcCbsjX52wPZJ4R2AfBxBW7R8AhZwmK5f2wz","","","solana"
"85","","","","3075","","Dim1fVLSZcxyqgdnShwMY17iQKKqdThsZjWknpMYNfSb","99","USDC","paid","2025-06-16T22:13:36.764328Z","LCPjfFFht6XNevcRjATvfkNwvx5F8ziGkGRcNVk8JJxfJp4YiNW86WJqt8t53KL7idgAWtRCfEMPepGhvMYggWt","","","solana"
"84","","","","1427","","EYVq1MrwT5mfsh8kJLw645ARKK3uP4ja3UcTzb8ULcff","99","USDC","paid","2025-06-16T21:20:01.697954Z","556wzee7ZR3MSE7Fw9EdZiXbmp49TpM76VNrn3NhmySx8hNjUqVih4A1ABbSDNACRWVoffq8YH83eW3BRGPz4omM","","","solana"
"83","","","","1197","","5cgwbiR1SNZg4j4Fs3kKwuJcCrvRPEmY2DtD5YetCANc","99","USDC","paid","2025-06-16T20:42:51.136076Z","3DyMAJdc8Cta1HBozuUxJ9HLsXmxzPsgXA1G1TUdoTXFCseBGFGdHqSLzrmU7ydfvQsZhjPL3cGzfYgvq7d5Cpin","","","solana"
"82","","","","1000","","9riuKdedbExp8c3Ln3BCCcwyA5YxM8hTSAceADVwRqsz","99","USDC","paid","2025-06-16T20:39:05.48801Z","25AEQPvZCiNcjUB1LN1i7wY1ARkFqsUkxMsXeKbGRNhasznuSwBxEyxnJqMx7suxhrdPgPfmaU3LjPPioUTHgWNV","","","solana"
"81","","","","920","","3eNkW8CeBbK2DWQbuNnt5kmBoawDkNSaTWmQs1pu9hJZ","99","USDC","paid","2025-06-16T20:29:13.530743Z","2fgum76h3QHzCQd6dguvogkMQC9jdmXSj7bMNRfErucLvbB2RzkXhB5asiTDzYvhsQkEwLLg86YrvCvmCgjeQypQ","","","solana"
"80","","","","184","","EUX8bScEFuLWjk64LqD6jsgCiwFiXj1Q7ru9WNG6AKMi","99","USDC","paid","2025-06-16T20:24:26.008643Z","MSLNiKvTSUcTi6uwebQ1AWmLdcEpicpEtdLo5djtDgnL7HphgC82UJrMJTTgqKtCzdpBFX5V489AvHYEFiRSB89","","","solana"
"79","","","","883","","FRNPvuzXCWbtw6fhyBAwv9FyXibaqgH9KAN9U8WuwB6i","99","USDC","paid","2025-06-16T20:15:43.215084Z","3gKLjeD2ngu6xbujPz9B3T7V8ofqGq4fsrDTEHFBCyeDaVpbB5yXkTgzzetmLAWWGMZEFHXiArRPXWRDUv1Js8Fy","","","solana"
"78","","","","760","","FMNbvgmADbzZ4BZge8CSotLwvvgDLRvyTod3P1yRj8eu","99","USDC","paid","2025-06-16T19:49:31.513266Z","5gNvt5m4wHAyyYebmeDyEFnygVege83gVMQEo7qh8saV9hsHBqXzUStNpAQyF3YsyVNKHFeWdZayBLHWLmVpkxCc","","","solana"
"77","","","","543","","bTBAUFPQEWyDQCF5mCL4Eba6woubiAGQ8YtumrRB1KF","99","USDC","paid","2025-06-16T17:54:41.368906Z","58WzJnXnFdzvjrN46i7UL2Vby8ccvXw7gbwPuMccFWTeqTzSc6o273oVJ6FvsbtzR4RCym8ECAgYLDhs5mKAjKEk","","","solana"
"75","","","","465","","EMfnFjt8mnrw96LxCQHgVEXSUDQErazZtSdKTumwe2rj","99","USDC","paid","2025-06-11T02:42:09.266151Z","31FWqHzXCBQazsJdAbneqmCWhDTD5qqsF6vfHcUH3hiSQ3FNtK6xRYnoYsndzFbFJxn5sjUkyRgXrkifXsyk6Ksw","","","solana"
"74","","","","440","","6a6xomJVV4gyiCQ65KdzchKzstRjBvjTtEmPtKnJmtyi","99","USDC","paid","2025-06-10T08:36:34.451417Z","3aurYbxwcKW7S3SruJa55LTj251ec4x1cDN4Ah4Ur9zk4a7iXr4Mcc2ReKpX8ftXm3WxAcQbRecDiF2oDKHnLV4i","","","solana"
"72","","","","426","","FSKWAEaAjc4TpLCBpGnDi3wZWnoQh6eYtnAeLVo3o9ni","99","USDC","paid","2025-06-10T03:14:27.280279Z","5PGw8ZV6uF8CLMcu83gMMnovR1gE6ycECzhG2Bb4EkXH3xPTFeNNg2F1JEP1NmcMACLmFZTqUnJoUj4XxrdXpmwj","","","solana"
"68","","","","212","","DLzznbuXtDyci4Vsx4LqHPDTu1QjYzPw4CcyExUmDXhd","99","USDC","paid","2025-06-04T06:31:04.473945Z","3kbWyfgFLFft4QCSnLMYeA1thMwpbPUqrKk8KoaSWLG65qRtKtMfsbKfYihFWhCMpjPkyVWDWpLKyR7bkGjTDFPQ","","","solana"
"67","","","","167","","FFvLoh1ecBrrpemNbG9NTMfFdqM9dsXAnMMHqgUYqB8T","99","USDC","paid","2025-06-04T00:40:16.307957Z","3ciM5tpXFVWsgnFBxXcA2HpcCdzEY3aQyop1vQgWzppwsVHhDS7krBdxe3nNTocj8d6sj2pg1nDrtoHHvmUAxA22","","","solana"
"66","","","","139","","BiDyMPhCE8Mz8X8CyGjEXkYLqT4X6s8fwio9D1PyRpdD","99","USDC","paid","2025-06-03T20:30:53.498058Z","3Re4JvnzvwLufnA9AkNiuK9vkkfQTNN3vH5qn7mFhB6zbifpbxorc54bfFcchuEyBneKvzKHoJbaYQTUPokRSLt8","","","solana"
